compound,positive,neutral,negative,Date,tweets_ago,tweet,news source
0.2732,0.176,0.719,0.105,Wed Jun 06 21:00:24 +0000 2018,100,Don’t miss a special performance from @springsteen this Sunday at the #TonyAwards: https://t.co/LYYdleaFwU https://t.co/IKkKoITH9y,CBS
0.3612,0.128,0.872,0.0,Thu Jun 07 17:03:26 +0000 2018,99,"Get ready for show-stopping performances by the casts of the 2018 Tony-nominated shows Mean Girls, SpongeBob Square… https://t.co/NiSx9Bbw0F",CBS
0.9078,0.436,0.564,0.0,Fri Jun 08 13:58:15 +0000 2018,98,"We all get by with a little help from our friends, so what better way to celebrate #NationalBestFriendsDay than to… https://t.co/pIZezbBwaT",CBS
0.0,0.0,1.0,0.0,Fri Jun 08 15:00:03 +0000 2018,97,Here's @laChanze with a reminder that you can stream the #TonyAwards this Sunday on CBS All Access! https://t.co/8TDEXzKmyQ,CBS
0.296,0.18,0.82,0.0,Fri Jun 08 19:46:17 +0000 2018,96,Join @etnow's @DDirecto this Sunday on the #TonyAwards' red carpet. https://t.co/7jS8g10KmY,CBS
0.0,0.0,1.0,0.0,Sat Jun 09 16:00:00 +0000 2018,95,Here's everything you need to know before watching the #TonyAwards this Sunday at 8/7c: https://t.co/jcRgNGmLUZ https://t.co/8suUhVPFK6,CBS
0.5093,0.155,0.845,0.0,Sat Jun 09 21:00:02 +0000 2018,94,These two know a thing or two about awards! Watch them light up the stage tomorrow at the #TonyAwards. ✨ https://t.co/KHVZp65oLS,CBS
0.4184,0.157,0.843,0.0,Sun Jun 10 15:00:01 +0000 2018,93,Tonight's the night! Join @etnow's @DDirecto on the #TonyAwards' red carpet starting at 5PM ET! https://t.co/hZLOSiIRAT,CBS
0.0,0.0,1.0,0.0,Sun Jun 10 22:01:25 +0000 2018,92,"The hosts have arrived! We're LIVE with @SaraBareilles, @joshgroban and more on the #TonyAwards red carpet hosted b… https://t.co/NtarbgywLe",CBS
0.0,0.0,1.0,0.0,Sun Jun 10 23:18:15 +0000 2018,91,✨ @thegoodfight's Christine Baranski has arrived on the #TonyAwards red carpet! Watch LIVE at 8/7c on CBS! https://t.co/XnXAnPtRrc,CBS
0.0,0.0,1.0,0.0,Sun Jun 10 23:59:00 +0000 2018,90,Grab your popcorn... it's time for the #TonyAwards! Go and stream the entire show now: https://t.co/Wo1algQHix https://t.co/JGYTk4NPDN,CBS
0.0,0.0,1.0,0.0,Mon Jun 11 00:04:15 +0000 2018,89,✨ @joshgroban and @SaraBareilles take the stage to begin an unforgettable evening. #TonyAwards https://t.co/y9uzlK2DzO,CBS
0.8834,0.563,0.437,0.0,Mon Jun 11 00:12:31 +0000 2018,88,Andrew Garfield wins Best Leading Actor in a Play. #TonyAwards @angelsbway https://t.co/s2VQnw6IPP,CBS
0.0,0.0,1.0,0.0,Mon Jun 11 00:18:16 +0000 2018,87,On Wednesdays they wear pink and on Sundays they perform at the #TonyAwards. 💕 Who thought that performance by the… https://t.co/w7QDkaX6kF,CBS
0.0,0.0,1.0,0.0,Mon Jun 11 00:22:15 +0000 2018,86,Representing the hardest-working men and women in Broadway… ensemble members from every nominated musical tonight!… https://t.co/imlEEnOUla,CBS
0.0,0.0,1.0,0.0,Mon Jun 11 00:24:31 +0000 2018,85,Tina Fey has a boat?? #MeanGirls #TonyAwards https://t.co/phYxmHMd3d,CBS
0.8908,0.57,0.43,0.0,Mon Jun 11 00:27:00 +0000 2018,84,Laurie Metcalf wins Best Featured Actress in a Play! #TonyAwards @threetallwomen https://t.co/y4teyJaRPs,CBS
0.0,0.0,1.0,0.0,Mon Jun 11 00:31:28 +0000 2018,83,"If you haven't started singing, you will be the rest of the night. #TonyAwards #MyFairLady https://t.co/jbGXwnru8N",CBS
0.4588,0.167,0.833,0.0,Mon Jun 11 00:34:45 +0000 2018,82,Keep your acceptance speeches short or else the #TonyAwards will get the angels involved. #AngelsInAmerica 👼 https://t.co/oznhezRzDc,CBS
0.0,0.0,1.0,0.0,Mon Jun 11 00:44:36 +0000 2018,81,Can the 73rd annual #TonyAwards just be three-hours of @TitussBurgess? https://t.co/3rCZwwTUtv,CBS
0.8858,0.565,0.435,0.0,Mon Jun 11 00:45:14 +0000 2018,80,A big congratulations to @springsteen for his Special Tony award! ✨ #TonyAwards https://t.co/i16u8uv9aT,CBS
0.8478,0.506,0.494,0.0,Mon Jun 11 00:50:18 +0000 2018,79,✨ @LindsayMendez wins Best Featured Actress in a Musical! #TonyAwards @carouselbway https://t.co/MtgFowscN5,CBS
0.0,0.0,1.0,0.0,Mon Jun 11 00:51:11 +0000 2018,78,Who lives in a pineapple and just performed at The Tonys? 🍍🎶 The cast of SpongeBob SquarePants: The Musical!… https://t.co/mvFxdh9UJi,CBS
0.0,0.0,1.0,0.0,Mon Jun 11 00:58:06 +0000 2018,77,🌟 @joshgroban and @SaraBareilles are Host Goals. 🌟 #TonyAwards https://t.co/OGQec8cXJ6,CBS
0.8834,0.563,0.437,0.0,Mon Jun 11 01:02:47 +0000 2018,76,Nathan Lane wins Best Featured Actor in a Play. #TonyAwards @angelsbway https://t.co/xc8M7JtLDE,CBS
0.1531,0.148,0.852,0.0,Mon Jun 11 01:08:24 +0000 2018,75,Nathan Lane saw his #AngelsinAmerica role as a challenge. How will you challenge yourself in 2018? #TonyAwards https://t.co/3WXd6AqgBi,CBS
0.1511,0.102,0.898,0.0,Mon Jun 11 01:08:28 +0000 2018,74,RT if that musical number by the cast of Carousel blew you away! #TonyAwards https://t.co/CMzMNtcAQO,CBS
0.9151,0.457,0.543,0.0,Mon Jun 11 01:19:59 +0000 2018,73,So many feels at the #TonyAwards. Congratulations to @arielstachel for winning Best Featured Actor in a Musical!… https://t.co/m1aRNIHPRK,CBS
0.4019,0.162,0.838,0.0,Mon Jun 11 01:24:12 +0000 2018,72,.@Matt_Morrison welcomes the Marjory Stoneman Douglas High School theatre department to the stage. #TonyAwards https://t.co/5dxa9smeka,CBS
0.0,0.0,1.0,0.0,Mon Jun 11 01:24:46 +0000 2018,71,Such a touching moment at the #TonyAwards. ❤️ https://t.co/4kJWTHVPZ8,CBS
0.0,0.0,1.0,0.0,Mon Jun 11 01:29:21 +0000 2018,70,.@SaraBareilles is totally a Gryffindor. #TonyAwards https://t.co/OPQ7esk2dn,CBS
0.8834,0.563,0.437,0.0,Mon Jun 11 01:30:56 +0000 2018,69,Glenda Jackson wins Best Leading Actress in a Play. #TonyAwards @threetallwomen https://t.co/GRp1gcBuiW,CBS
0.0,0.0,1.0,0.0,Mon Jun 11 01:38:23 +0000 2018,68,If only this performance could go on forever. #TonyAwards @FrozenBroadway https://t.co/p2BMUvyTxr,CBS
0.5093,0.523,0.477,0.0,Mon Jun 11 01:58:48 +0000 2018,67,@writerlindsayb You're welcome! #TonyAwards,CBS
0.4926,0.262,0.738,0.0,Mon Jun 11 02:03:31 +0000 2018,66,Hope he brought enough birthday cake for everyone! #TonyAwards https://t.co/FlLbKV6oj8,CBS
0.0,0.0,1.0,0.0,Mon Jun 11 02:05:47 +0000 2018,65,🎶 “Let's dance this last dance tonight.” 🎶 #TonyAwards #DonnaSummerMusical https://t.co/UAIaglChfv,CBS
0.8908,0.491,0.509,0.0,Mon Jun 11 02:11:03 +0000 2018,64,Harry Potter and the Cursed Child wins Best Play at the #TonyAwards! @HPPlayNYC https://t.co/WIqJQmtAlN,CBS
0.0,0.0,1.0,0.0,Mon Jun 11 02:16:06 +0000 2018,63,That performance was the GOAT. #TonyAwards https://t.co/mtoU92HipQ,CBS
0.8932,0.517,0.483,0.0,Mon Jun 11 02:23:56 +0000 2018,62,Angels in America takes the win for Best Revival of a Play! #TonyAwards https://t.co/zodW61tw8a,CBS
0.4215,0.123,0.877,0.0,Mon Jun 11 02:29:18 +0000 2018,61,"""I'm a living example of how theatre can change you - and it didn't just change me, it saved me."" @JohnLeguizamo at… https://t.co/4ICwMhb6hv",CBS
0.5994,0.302,0.698,0.0,Mon Jun 11 02:33:09 +0000 2018,60,What a beautiful performance by the cast of #TheBandsVisit. #TonyAwards https://t.co/4Hw96kZvrf,CBS
0.9523,0.55,0.45,0.0,Mon Jun 11 02:44:37 +0000 2018,59,The feeling when you win a Tony. 🙌 Congratulations to Once on This Island for winning Best Revival of a Musical!… https://t.co/UpFCqgBTwh,CBS
0.7978,0.543,0.457,0.0,Mon Jun 11 02:44:50 +0000 2018,58,Inspiration: Get to your YES! #OnceOnThisIsland #TonyAwards https://t.co/Wjp0QIWfXq,CBS
0.0,0.0,1.0,0.0,Mon Jun 11 02:53:00 +0000 2018,57,The Boss looks right at home on the #TonyAwards stage! https://t.co/pwjv4iydkn,CBS
0.836,0.467,0.533,0.0,Mon Jun 11 02:56:10 +0000 2018,56,Tony Shalhoub wins Best Leading Actor in a Musical. #TonyAwards   #TheBandsVisit https://t.co/KcUDSicKI5,CBS
0.92,0.463,0.537,0.0,Mon Jun 11 03:02:06 +0000 2018,55,Congratulations are in order for @TheKatrinaLenk! She just won for Best Leading Actress in a Musical. #TonyAwards https://t.co/t9bNvpiEmH,CBS
0.8478,0.406,0.594,0.0,Mon Jun 11 03:10:33 +0000 2018,54,An end to a magical evening. The Band's Visit wins for Best Musical! #TonyAwards https://t.co/ODza97n8YH,CBS
0.4767,0.22,0.78,0.0,Mon Jun 11 06:04:41 +0000 2018,53,See the complete list of winners from the 2018 #TonyAwards: https://t.co/9XK6CGeber https://t.co/HkUIN4Quej,CBS
0.0,0.0,1.0,0.0,Mon Jun 11 06:19:36 +0000 2018,52,Here are all the performances from the 2018 #TonyAwards: https://t.co/gN4ItpFlRd https://t.co/fSMNBXKC9r,CBS
0.0,0.0,1.0,0.0,Mon Jun 11 14:00:37 +0000 2018,51,How do you know @SaraBareilles and @joshgroban's music? #TonyAwards https://t.co/POMXBORfUT,CBS
-0.296,0.0,0.833,0.167,Mon Jun 11 19:01:38 +0000 2018,50,"In case you missed it, watch the entire #TonyAwards now: https://t.co/Bm0yNV3Ff3 https://t.co/3GA5otlcPa",CBS
-0.5562,0.134,0.551,0.315,Tue Jun 12 00:19:23 +0000 2018,49,"No pain, no gain, ALL Hart! Just one month until the premiere of @TKOCBS hosted by @KevinHart4real. https://t.co/C1yMCglxVn",CBS
-0.296,0.0,0.833,0.167,Thu Jun 14 17:30:00 +0000 2018,48,"In case you missed it, watch the entire #TonyAwards now: https://t.co/Bm0yNV3Ff3 https://t.co/h3YnFkmSQJ",CBS
0.3595,0.128,0.872,0.0,Fri Jun 15 18:48:29 +0000 2018,47,"Casting Alert! @paulwesley, @DaniaJRamirez &amp; @JamesWolk are set to star in the upcoming CBS All Access psychologica… https://t.co/JnZMrzT92n",CBS
0.9392,0.493,0.507,0.0,Sun Jun 17 13:00:01 +0000 2018,46,"Today and every day we celebrate their love, guidance, and support. Happy #FathersDay to every kind of dad! https://t.co/Wffax1khBH",CBS
0.0,0.0,1.0,0.0,Mon Jun 18 20:27:50 +0000 2018,45,Time to make your predictions for #BB20! 👏 Get to know the @CBSBigBrother Houseguests before the big premiere next… https://t.co/jlpIchJ9sk,CBS
0.3555,0.222,0.642,0.136,Wed Jun 20 00:39:01 +0000 2018,44,There’s nothing quite like watching a contestant win a brand new car on @PriceIsRight. 👏  https://t.co/aKlFikYAMM,CBS
0.4926,0.242,0.758,0.0,Thu Jun 21 23:29:50 +0000 2018,43,"Lights, camera, selfie! 📸 Could there be a better photo for #NationalSelfieDay? https://t.co/14Ewx64yKC",CBS
0.4199,0.189,0.811,0.0,Fri Jun 22 18:33:53 +0000 2018,42,"Every day is #TakeYourDogToWorkDay for shows like @HawaiiFive0CBS, @MomCBS, @SEALTeamCBS, and @bigbangtheory! https://t.co/DJaOt1VQcw",CBS
0.1867,0.098,0.902,0.0,Fri Jun 22 21:19:06 +0000 2018,41,Tonight's the night! Don't miss model @ashleygraham on the season finale of Celebrity @undercover_cbs at 8/7c. https://t.co/iBxAOcOF7a,CBS
0.5574,0.204,0.796,0.0,Mon Jun 25 18:20:25 +0000 2018,40,The world will finally know the truth. ☄️ Make sure to tune in to the heart-pounding Season 2 premiere of… https://t.co/mqMleW90DY,CBS
0.7574,0.289,0.711,0.0,Wed Jun 27 14:00:01 +0000 2018,39,"It looks like you...

(•_•)
( •_•)&gt;⌐■-■
(⌐■_■)

Have a lot of TV to watch!

Celebrate #NationalSunglassesDay with H… https://t.co/Babt4ajIgV",CBS
0.0,0.0,1.0,0.0,Wed Jun 27 20:31:32 +0000 2018,38,What’s summer without @CBSBigBrother? ☀️ RT if you’re counting down the hours to the #BB20 premiere TONIGHT at 8/7c… https://t.co/Xp1s4Fp5J8,CBS
0.5411,0.259,0.741,0.0,Mon Jul 02 17:00:02 +0000 2018,37,"If at first you don’t succeed on @PriceIsRight…bid, bid again! https://t.co/OWBaOsFZ3i",CBS
0.0,0.0,1.0,0.0,Mon Jul 02 20:47:32 +0000 2018,36,Take a first look at our @Comic_Con lineup along with details of what you can expect to see:… https://t.co/JqBtlKcwq3,CBS
0.3182,0.108,0.892,0.0,Mon Jul 02 21:13:11 +0000 2018,35,"How much does it cost to bury the truth? #OneDollar premieres Thursday, August 30, exclusively on CBS All Access.… https://t.co/1tab8eCaFz",CBS
0.3612,0.102,0.898,0.0,Thu Jul 05 21:12:17 +0000 2018,34,Have you heard? Tonight's the first Live Show of #BB20. Grab a seat and get ready to watch the action unfold on CBS… https://t.co/0YgRV1HLGd,CBS
0.7777,0.343,0.657,0.0,Fri Jul 06 18:26:37 +0000 2018,33,Happy #InternationalKissingDay! See which stars we caught locking lips on the CBS Kiss Cam. 😘 https://t.co/oMPCHZlgCl,CBS
0.0,0.0,1.0,0.0,Mon Jul 09 23:55:07 +0000 2018,32,Time to mark your calendars! CBS' fall 2018 premiere lineup has been announced: https://t.co/yYv3H9aEO7 https://t.co/lRxAA7suie,CBS
0.5562,0.174,0.826,0.0,Wed Jul 11 21:44:45 +0000 2018,31,"It’s fun, different, unique, and finally here! @TKOCBS hosted by @KevinHart4real premieres at 9/8c on CBS and… https://t.co/MCeVLVK85i",CBS
0.0,0.0,1.0,0.0,Fri Jul 13 17:49:38 +0000 2018,30,Take a walk down @YandR_CBS memory lane with stars @JessWaltonYR and Peter Bergman! You can watch full episodes of… https://t.co/MZEUfiJJyb,CBS
0.1139,0.078,0.922,0.0,Fri Jul 13 21:35:01 +0000 2018,29,"Stand up. Speak up. Blow the whistle. 

Don't miss the premiere of the @TrueCrimeCBS series #Whistleblower tonight… https://t.co/uNhx4Codc2",CBS
0.807,0.3,0.7,0.0,Tue Jul 17 17:22:26 +0000 2018,28,Celebrate #WorldEmojiDay with a fun game! Use the emoji sequences below to guess the CBS show. 👇 Tweet your respons… https://t.co/LCqvuVtkXK,CBS
0.0,0.0,1.0,0.0,Tue Jul 17 17:22:26 +0000 2018,27,💥🌎🔬 #WorldEmojiDay,CBS
0.0,0.0,1.0,0.0,Tue Jul 17 17:22:27 +0000 2018,26,👶💥🌎🔬 #WorldEmojiDay,CBS
0.0,0.0,1.0,0.0,Tue Jul 17 17:22:27 +0000 2018,25,🏠📹📹📹 #WorldEmojiDay,CBS
0.0,0.0,1.0,0.0,Tue Jul 17 17:22:27 +0000 2018,24,🐮⚖️ #WorldEmojiDay,CBS
0.0,0.0,1.0,0.0,Tue Jul 17 17:22:27 +0000 2018,23,🏝🔥💵 #WorldEmojiDay,CBS
0.0,0.0,1.0,0.0,Tue Jul 17 17:22:27 +0000 2018,22,💄👠📷 #WorldEmojiDay,CBS
0.0,0.0,1.0,0.0,Tue Jul 17 17:22:28 +0000 2018,21,🤝💼💰 #WorldEmojiDay,CBS
0.0,0.0,1.0,0.0,Tue Jul 17 17:22:28 +0000 2018,20,👶😴🚫 #WorldEmojiDay,CBS
0.0,0.0,1.0,0.0,Tue Jul 17 17:22:28 +0000 2018,19,🏷💰🎰 #WorldEmojiDay,CBS
0.0,0.0,1.0,0.0,Tue Jul 17 17:22:28 +0000 2018,18,🌎☄️ #WorldEmojiDay,CBS
0.0,0.0,1.0,0.0,Tue Jul 17 17:22:28 +0000 2018,17,💣📎 #WorldEmojiDay,CBS
0.0,0.0,1.0,0.0,Tue Jul 17 17:22:28 +0000 2018,16,💙👮🍽 #WorldEmojiDay,CBS
0.0,0.0,1.0,0.0,Tue Jul 17 17:22:29 +0000 2018,15,🏄🌴🚔 #WorldEmojiDay,CBS
0.0,0.0,1.0,0.0,Tue Jul 17 17:22:29 +0000 2018,14,⚓️🦅🇺🇸 #WorldEmojiDay,CBS
0.0,0.0,1.0,0.0,Tue Jul 17 17:22:29 +0000 2018,13,🕵️🕵️‍♀️ #WorldEmojiDay,CBS
0.0,0.0,1.0,0.0,Tue Jul 17 17:22:29 +0000 2018,12,👩‍💼💼🇺🇸 #WorldEmojiDay,CBS
0.0,0.0,1.0,0.0,Tue Jul 17 17:22:29 +0000 2018,11,👨📝✔️ #WorldEmojiDay,CBS
0.0,0.0,1.0,0.0,Tue Jul 17 17:55:25 +0000 2018,10,🤰👩‍👧🚫🍸 #WorldEmojiDay,CBS
0.0,0.0,1.0,0.0,Fri Jul 20 15:08:23 +0000 2018,9,"This @cbsallaccess series is unlike any fairy tale you've ever seen before. @paulwesley, @kevwilliamson &amp;… https://t.co/icsSnPxKAr",CBS
0.0,0.0,1.0,0.0,Fri Jul 20 21:39:09 +0000 2018,8,Take a trip down memory lane with the cast and crew of @MagnumPICBS at #SDCC2018! https://t.co/jHVxm7kyaT,CBS
-0.6597,0.0,0.82,0.18,Fri Jul 20 23:44:54 +0000 2018,7,George blew the whistle on a doctor targeting those who believed they had cancer. What was the outcome? Find out to… https://t.co/rLlNzlK3Cy,CBS
0.8293,0.34,0.66,0.0,Mon Jul 23 21:30:33 +0000 2018,6,The cast couldn’t be more excited to welcome @ansonmount into the @startrekcbs family! Who’s ready to see the iconi… https://t.co/fOS4f4VCb2,CBS
-0.1511,0.068,0.834,0.099,Tue Jul 24 18:54:14 +0000 2018,5,"Mark your calendars because you won’t want to miss this! Former Secretaries of State @HillaryClinton, @Madeleine, a… https://t.co/JKDPp97OqN",CBS
0.34,0.118,0.882,0.0,Wed Jul 25 01:05:03 +0000 2018,4,Who's excited for the return of @MurphyBrownCBS? Here's a behind-the-scenes look at the first table read of the sea… https://t.co/1B5S4WJnCW,CBS
0.0,0.0,1.0,0.0,Wed Jul 25 15:12:31 +0000 2018,3,"Renowned artists Cher, Philip Glass, Reba McEntire, Wayne Shorter, and the co-creators of #Hamilton will be recogni… https://t.co/PEjjI9MKE1",CBS
0.5707,0.187,0.813,0.0,Wed Jul 25 17:25:36 +0000 2018,2,"This is one allowance that can’t be beat! Kids are winning big this week on @PriceIsRight. 🎉
 https://t.co/lncKu9XvNo",CBS
0.34,0.124,0.876,0.0,Sat Jul 28 16:43:56 +0000 2018,1,"Housewives. PTA moms. School volunteers. Starting TONIGHT, hear the stories of seemingly innocent women who put it… https://t.co/5TA15OiTuh",CBS
0.6908,0.263,0.737,0.0,Fri Jul 20 11:21:07 +0000 2018,100,"From satirical cartoons to original Rembrandts and taxidermy geese, there’s plenty to intrigue art lovers this summ… https://t.co/9YDofEBDLI",BBC
-0.5216,0.0,0.64,0.36,Fri Jul 20 12:02:04 +0000 2018,99,🐻🍞♥️ Who doesn't love a teddy bear?  https://t.co/Pxd4u1WYLa,BBC
0.7845,0.361,0.639,0.0,Fri Jul 20 13:03:04 +0000 2018,98,"Korean is rapidly growing in popularity, in a language-learning boom driven by the popularity of the country's… https://t.co/t9EfT4am8g",BBC
0.2235,0.086,0.914,0.0,Fri Jul 20 13:33:22 +0000 2018,97,"David Attenborough wants you to get out a chair and spot some 🦋🦋🦋 

And you can't say no to such a legend...… https://t.co/PKWvebWrHz",BBC
0.0,0.0,1.0,0.0,Fri Jul 20 14:31:04 +0000 2018,96,"A can of lager and a packet of custard creams are the secret to a long life for Eileen, a Blackpool woman celebrati… https://t.co/y5KL6atB0O",BBC
0.0,0.0,1.0,0.0,Fri Jul 20 15:59:00 +0000 2018,95,Actual footage of me leaving work for the weekend and not looking back... 👋 #FridayFeeling https://t.co/Ppg3Qk7fj3,BBC
0.0,0.0,1.0,0.0,Fri Jul 20 17:02:06 +0000 2018,94,"📺 @louistheroux dives into the BBC Archives and selects his favourite documentaries.

Louis Theroux: Docs That Made… https://t.co/Hun3M35ZEQ",BBC
0.0,0.0,1.0,0.0,Fri Jul 20 18:03:08 +0000 2018,93,🏥🎶 Every member of this choir is here on doctor's orders. https://t.co/5GLpzwPzwU,BBC
-0.4215,0.194,0.543,0.264,Fri Jul 20 19:02:04 +0000 2018,92,From honeymoon horror to a dine and dash: this is what happens when holiday romances go wrong. 🏝😳💔… https://t.co/o0skuAQ21P,BBC
0.0,0.0,1.0,0.0,Sat Jul 21 07:03:03 +0000 2018,91,"Should we be allowed to modify human DNA in future children? 🔬

An inquiry has found editing human embryos 'morally… https://t.co/ym7J8WiOLt",BBC
-0.5267,0.0,0.794,0.206,Sat Jul 21 08:03:05 +0000 2018,90,"""I was training and missed it. I cried.""  ❤️️

@serenawilliams has opened up about missing her baby's first steps.… https://t.co/h7B11Zrvxy",BBC
0.4939,0.167,0.833,0.0,Sat Jul 21 09:02:04 +0000 2018,89,🇱🇰 The Sri Lankan schoolgirl turned inventor trying to save the planet one lunchbox at a time. https://t.co/RZlJolph79,BBC
0.7506,0.314,0.686,0.0,Sat Jul 21 09:03:03 +0000 2018,88,"Amazing innovation 💡
A family in France has become the first to move in to a 3D-printed house. https://t.co/FYDtNW19PL",BBC
0.5719,0.27,0.73,0.0,Sat Jul 21 10:10:07 +0000 2018,87,🏃This 88-year-old runner has celebrated his 200th Parkrun in Manchester. https://t.co/9yG6L3bCye,BBC
0.0,0.0,1.0,0.0,Sat Jul 21 11:16:04 +0000 2018,86,"🏃🏃‍♀️ @GabbyLogan presents live coverage from the first day of the #AnniversaryGames at the London Stadium.

Athlet… https://t.co/KD8QAeSMnA",BBC
-0.8316,0.0,0.672,0.328,Sat Jul 21 12:03:05 +0000 2018,85,"Maths, science, history and... death? 🎒📚🤔

Death could be added to the school timetable in Australia. 👉… https://t.co/l6jEPAaK64",BBC
0.0,0.0,1.0,0.0,Sat Jul 21 13:03:08 +0000 2018,84,"Would you consider becoming a hedgehog foster parent? 🦔 💕

https://t.co/qTzxBdTy1B",BBC
0.2023,0.213,0.648,0.139,Sat Jul 21 14:03:06 +0000 2018,83,A huge iceberg is looming over a village in Greenland. https://t.co/sDLtIq41Fj,BBC
0.8126,0.37,0.63,0.0,Sat Jul 21 15:04:02 +0000 2018,82,👰🎊🤵 @reallorraine and @robbeckettcomic host as two couples play for dream prizes and a chance to get married in fro… https://t.co/JOaddKsXdr,BBC
0.0,0.0,1.0,0.0,Sat Jul 21 16:04:04 +0000 2018,81,Was the 😊the first emoticon? https://t.co/3eZwRPDqbJ,BBC
0.0,0.0,1.0,0.0,Sat Jul 21 17:05:05 +0000 2018,80,"How being drawn naked helped these women reclaim their bodies. 
(via @BBCThree) https://t.co/h22GymBo6O",BBC
0.0,0.0,1.0,0.0,Sat Jul 21 18:02:06 +0000 2018,79,"😂 @RomeshRanga really REALLY can't stand Gogglebox. #LiveAtTheApollo

https://t.co/IMrhnETAg7",BBC
-0.4939,0.0,0.724,0.276,Sat Jul 21 19:31:05 +0000 2018,78,"The ruins of a Cumbrian village have been exposed by the UK drought. 🌡

https://t.co/zCaOtOFM74",BBC
0.6369,0.321,0.679,0.0,Sat Jul 21 20:21:08 +0000 2018,77,"🎬🍿 A business trip leads to a chance encounter...

Pretty Woman | 10:20pm | @BBCOne | https://t.co/vCrrzh7bN7 https://t.co/KS0CZCwcDx",BBC
0.0,0.0,1.0,0.0,Sun Jul 22 07:03:00 +0000 2018,76,"Do you have a reusable water bottle?
#PlasticsAction https://t.co/XTlzV0IEGB",BBC
0.0,0.0,1.0,0.0,Sun Jul 22 08:03:01 +0000 2018,75,"🍞 Prehistoric bake-off: Scientists have discovered the earliest known evidence of bread-making, from a 14,000-year-… https://t.co/rt2YVZY1zW",BBC
0.7506,0.274,0.726,0.0,Sun Jul 22 10:04:05 +0000 2018,74,💕✍️ A story penned by a 10-year-old girl with autism has attracted praise from academics and others with the condit… https://t.co/oFp5UI36Ex,BBC
0.5994,0.353,0.647,0.0,Sun Jul 22 11:02:05 +0000 2018,73,"The teenage activist helping families find low-cost healthy food. 
(via@BBCThree) https://t.co/aM3Esv544f",BBC
0.7506,0.314,0.686,0.0,Sun Jul 22 12:09:04 +0000 2018,72,"Positive reinforcement and indirect suggestions are a powerful way to influence our decision-making.

Here are eigh… https://t.co/CyoIKBRDfs",BBC
0.0,0.0,1.0,0.0,Sun Jul 22 13:06:02 +0000 2018,71,🐜🍞 Would you eat bread baked with insects instead of flour? https://t.co/zXYGP4MZjk,BBC
0.7264,0.289,0.711,0.0,Sun Jul 22 14:08:06 +0000 2018,70,"😲🎨 Some of the most stunning photos from the 21st World Bodypainting Festival in Austria.
👉 https://t.co/2Z8On4ZuS3 https://t.co/YoAPvfk5cE",BBC
-0.2732,0.0,0.884,0.116,Sun Jul 22 15:04:05 +0000 2018,69,"Keeping it low key 😉

This man asked his partner to marry him with a GIANT beach mural. 🏖 
https://t.co/FrqoNA4HhG",BBC
-0.8402,0.0,0.714,0.286,Sun Jul 22 16:04:04 +0000 2018,68,"❤️ The mother of a five-year-old boy who helped write his own obituary before he died of cancer says she is ""humble… https://t.co/k1R3Tq8KX5",BBC
0.128,0.073,0.927,0.0,Sun Jul 22 18:05:05 +0000 2018,67,"See some art
Dwell on your wrongs
Talk to strangers

Tackle the week ahead with a spot of elastic thinking. https://t.co/W3gtqBFnss",BBC
0.5994,0.262,0.738,0.0,Sun Jul 22 19:02:05 +0000 2018,66,❤️ The catwalk show with a mission to prove everyone is beautiful. https://t.co/sGAR4YzNZT,BBC
0.0,0.0,1.0,0.0,Mon Jul 23 07:03:07 +0000 2018,65,"✈️🎒 This is what happens to your suitcase after you've checked-in at an airport... 

https://t.co/SZZKKm6ONf",BBC
-0.5267,0.0,0.866,0.134,Mon Jul 23 07:32:03 +0000 2018,64,"The UK government says air pollution is the fourth biggest threat to public health. 🤧💨

Here's what you can do to i… https://t.co/SVbU4D7961",BBC
0.4767,0.114,0.886,0.0,Mon Jul 23 08:03:02 +0000 2018,63,"Ntando Mahlangu walked for the first time at the age of ten. 

By the time he was 14, he had a silver medal from Ri… https://t.co/JodVvKpqUw",BBC
-0.38,0.177,0.549,0.274,Mon Jul 23 11:03:09 +0000 2018,62,When is a film so bad it's actually good? 🍿🤦‍♀️ https://t.co/zNWeEnZVQd https://t.co/F3rLExxpyR,BBC
0.6369,0.318,0.682,0.0,Mon Jul 23 12:02:03 +0000 2018,61,"Y'alright love? 🐦 

Meet Mourdour, the raven with a Yorkshire accent.... 

https://t.co/6K9eMeDh0k",BBC
0.0,0.111,0.779,0.111,Mon Jul 23 13:02:00 +0000 2018,60,"If you're blind or partially sighted, this might help.
 
At the BBC, we offer audio description to describe our sho… https://t.co/jDXcSK72uQ",BBC
0.4939,0.39,0.61,0.0,Mon Jul 23 16:03:04 +0000 2018,59,🐶 Hearing dogs can save a life. https://t.co/bTcvuvGYJt,BBC
0.0,0.0,1.0,0.0,Mon Jul 23 17:31:04 +0000 2018,58,"Follow the transportation of a herd of elephants from the Midlands to their new seaside home. 🐘

Elephants on the M… https://t.co/nvfAlmyl21",BBC
0.0,0.0,1.0,0.0,Mon Jul 23 18:02:06 +0000 2018,57,"💈❤️ Meet the barber tackling mental health one beard trim at a time.
(via @BBCThree) https://t.co/sTbcQnZ2ck",BBC
0.0,0.0,1.0,0.0,Mon Jul 23 20:03:06 +0000 2018,56,"Film-maker Mo Naqvi attempts to decide who to vote for in Pakistan's upcoming election.

Storyville: Insha'Allah De… https://t.co/u7nu633Gt2",BBC
0.0,0.0,1.0,0.0,Tue Jul 24 07:00:18 +0000 2018,55,Meet the man who escaped locked-in syndrome and is about to become a dad. https://t.co/x0Bkz8R176,BBC
0.0,0.0,1.0,0.0,Tue Jul 24 07:27:04 +0000 2018,54,👶👵 Most people feel younger or older than they really are – and this 'subjective age' has a big effect on their phy… https://t.co/vGnFI1TfmB,BBC
0.5719,0.425,0.575,0.0,Tue Jul 24 08:00:10 +0000 2018,53,The perfect picnic doesn't exi... https://t.co/hCE7MqzF2P,BBC
-0.0191,0.0,0.918,0.082,Tue Jul 24 11:01:00 +0000 2018,52,"'Doesn't matter what's written on the packet, wet wipes do not disintegrate.' https://t.co/sFUvFL8OaL",BBC
0.0,0.0,1.0,0.0,Tue Jul 24 12:03:04 +0000 2018,51,"👨‍🎤🍞 The first known studio recording of David Bowie is set for auction after being found in an old bread basket.
👉… https://t.co/5R2Pmr8gBf",BBC
0.8481,0.326,0.674,0.0,Tue Jul 24 13:01:03 +0000 2018,50,"Got kids who are on school holidays? 

📱The ‘CBBC Buzz’ app is free, fun and there’s something for you, whatever yo… https://t.co/RCuJvRzW8D",BBC
0.4767,0.237,0.763,0.0,Tue Jul 24 16:02:09 +0000 2018,49,"These birds woo the ladies with popcorn and cartwheels.
#AnimalsBehavingBadly https://t.co/HUArZNsNXy",BBC
0.0,0.0,1.0,0.0,Tue Jul 24 17:02:07 +0000 2018,48,"🌡🍂 From Carnoustie to London, the heatwave has left Britain's parks and lawns parched.

📷 https://t.co/yqcbYgu5Y7… https://t.co/I0rzDBzXOp",BBC
0.128,0.282,0.47,0.248,Tue Jul 24 18:00:19 +0000 2018,47,The best way EVER to deal with a scam. https://t.co/nqWGYEEBy4,BBC
-0.3818,0.0,0.874,0.126,Tue Jul 24 19:03:05 +0000 2018,46,"Fish are losing their sense of smell because of a rise in CO2 levels, according to new research. 🐟💔… https://t.co/9EWLY0pLrH",BBC
0.6369,0.318,0.682,0.0,Wed Jul 25 07:02:05 +0000 2018,45,"Why we should all love whale poo... 💚🐋💩 

#OurBluePlanet

https://t.co/VePUiOOE3F",BBC
-0.2732,0.0,0.877,0.123,Wed Jul 25 07:31:07 +0000 2018,44,"A watchdog has warned that the packaging you recycle 'may end up in landfill'. ♻️🗑

https://t.co/7q7NwFYVBh https://t.co/8SqE3kZ3j8",BBC
0.0772,0.08,0.92,0.0,Wed Jul 25 08:04:03 +0000 2018,43,"A startling insight into how society viewed the role of women in the 20th century. #WashesWhiter

https://t.co/BIoTfZ5DPG",BBC
0.0,0.0,1.0,0.0,Wed Jul 25 11:02:03 +0000 2018,42,"'I downloaded all my Facebook data and it was a nightmare'. 💻🤦‍♀️

Have you ever wondered what your data actually l… https://t.co/0sNfkSket7",BBC
0.4215,0.177,0.823,0.0,Wed Jul 25 12:03:04 +0000 2018,41,"🌊🐬 These dolphins were rescued after getting stranded in shallow water in Tasmania. 

https://t.co/MRqRBxsctW",BBC
-0.4767,0.086,0.749,0.165,Wed Jul 25 13:02:05 +0000 2018,40,"💉 A jab that protects against a virus that causes cervical cancer will be given to boys aged 12 to 13 in England.
👉… https://t.co/joOj8vMupR",BBC
0.0,0.0,1.0,0.0,Wed Jul 25 14:37:40 +0000 2018,39,"Researchers have found evidence of an existing body of liquid water on Mars.
👉 https://t.co/cmykUjdfxy https://t.co/F45qHNXcOR",BBC
0.0,0.0,1.0,0.0,Wed Jul 25 16:02:05 +0000 2018,38,"Is this Africa’s most inventive neighbourhood? 💡🌿🥑

https://t.co/xgeQCMM1XP",BBC
0.0,0.0,1.0,0.0,Wed Jul 25 18:02:05 +0000 2018,37,"From @rosskemp to @sirpatstew: these are the ultimate Extras celebrity cameos. 😂

https://t.co/MzLh704sPC",BBC
0.4019,0.247,0.617,0.136,Wed Jul 25 19:02:00 +0000 2018,36,"Colin Firth stars in an award-winning adaptation of Jane Austen's classic romance. 📚😍

Pride and Prejudice |… https://t.co/bgxyIt8i5g",BBC
-0.4019,0.0,0.748,0.252,Thu Jul 26 07:01:02 +0000 2018,35,"♨️😴 Having trouble sleeping in this heatwave?
#HeatwaveUK https://t.co/N8Nstm5gC7",BBC
-0.3818,0.102,0.732,0.167,Thu Jul 26 07:28:06 +0000 2018,34,We call violence an ‘epidemic’ – and there is reason to take that literally... treating it like an infectious disea… https://t.co/871oH89IB6,BBC
-0.4019,0.0,0.828,0.172,Thu Jul 26 08:00:00 +0000 2018,33,"This school is tackling their single-use plastic problem one lunchbox at a time.
#PlasticsAction https://t.co/dBJBC46C06",BBC
-0.4019,0.064,0.788,0.148,Thu Jul 26 11:00:16 +0000 2018,32,"A record number of primary school children are leaving school severely obese, according to new figures from Public… https://t.co/nmc8w0pnGW",BBC
-0.4614,0.0,0.692,0.308,Thu Jul 26 12:02:06 +0000 2018,31,"😮 You don't want to get between two fighting kangaroos!
#LifeStory https://t.co/xX95kVkWJU",BBC
-0.1779,0.072,0.826,0.101,Thu Jul 26 13:01:05 +0000 2018,30,"""I would like to do it all over again. There was a war on but otherwise it was absolutely wonderful."" ❤️️

Remember… https://t.co/1cSKgxW5gF",BBC
0.2263,0.153,0.741,0.106,Thu Jul 26 16:02:03 +0000 2018,29,"😀♥️ Four-year-old Daniel and 91-year-old Stuart, who has dementia, have struck up an unlikely friendship.  https://t.co/DVpVhIssTc",BBC
-0.5106,0.0,0.858,0.142,Thu Jul 26 17:01:06 +0000 2018,28,A dog called Minnie has been reunited with her owners two years after thieves stole a truck she was sleeping in. 🐶… https://t.co/CzeVkauFSx,BBC
-0.046,0.123,0.746,0.131,Thu Jul 26 18:02:07 +0000 2018,27,"Tonight, a team of inventors attempt to change the lives of three inspiring people with very different problems. 💡… https://t.co/L7yN0qkCNz",BBC
-0.4588,0.099,0.693,0.208,Thu Jul 26 19:02:05 +0000 2018,26,"After being abused on dating apps for having HIV, Joe has turned to art to help combat the stigma. 
(via @BBCThree) https://t.co/b6mar28jBl",BBC
-0.25,0.0,0.895,0.105,Fri Jul 27 07:01:03 +0000 2018,25,💔 @BoyGeorge discovers that in 1919 his grandmother was found wandering the streets alone as a 6 year old child.… https://t.co/CmyXz2oGYr,BBC
-0.34,0.118,0.702,0.18,Fri Jul 27 07:26:02 +0000 2018,24,❤️📝 A teenager who attached uplifting messages to a bridge to help people facing a mental health crisis has helped… https://t.co/gGO3mXQkkd,BBC
0.3818,0.224,0.776,0.0,Fri Jul 27 08:00:16 +0000 2018,23,😂 A Scottish three year old's take on the summer holidays. https://t.co/SaCbnnlnUm,BBC
0.0,0.0,1.0,0.0,Fri Jul 27 09:51:01 +0000 2018,22,"👀🌝 Skywatchers will be treated to the longest ""blood moon"" eclipse of the century tonight, with the totality period… https://t.co/w1Eoi6fA9R",BBC
0.5267,0.216,0.784,0.0,Fri Jul 27 11:02:04 +0000 2018,21,"🔬 From 'the God particle' to our ability to observe gravitational waves, here are 7 extraordinary things science ha… https://t.co/j4tgSCx3vl",BBC
0.3802,0.178,0.822,0.0,Fri Jul 27 12:00:18 +0000 2018,20,⛷🐶 This is one way to keep dogs cool in the heat! https://t.co/ObXmR8febC,BBC
-0.2023,0.09,0.769,0.141,Fri Jul 27 12:24:44 +0000 2018,19,😳 This man wants people to stop pretending to have sex with his hedge. https://t.co/VbuY1xtbQ1,BBC
0.0,0.0,1.0,0.0,Fri Jul 27 13:01:03 +0000 2018,18,"👃💐 How teenage perfumes smell to you - an actual adult.
👉 https://t.co/PCRmoujpVJ https://t.co/P0tmdqfbUC",BBC
0.34,0.231,0.769,0.0,Fri Jul 27 15:16:01 +0000 2018,17,"👀 Who's excited to see the #BloodMoon tonight? 
#LunarEclipse https://t.co/jhx3zLDOTS",BBC
0.0,0.0,1.0,0.0,Fri Jul 27 15:59:00 +0000 2018,16,When your boss is looking for you but it's after 5pm... 👋 #FridayFeeling https://t.co/J3NZSVi7jj,BBC
0.0,0.0,1.0,0.0,Fri Jul 27 17:02:03 +0000 2018,15,🎅🎄😂 Too soon? https://t.co/L368bWE3t5,BBC
0.6908,0.261,0.739,0.0,Fri Jul 27 18:01:08 +0000 2018,14,A pair of beavers are being released into the Forest of Dean with the hope they'll help prevent flooding in the are… https://t.co/wD23PTQUPg,BBC
0.4939,0.39,0.61,0.0,Sat Jul 28 07:05:02 +0000 2018,13,🐶 Hearing dogs can save a life. https://t.co/bTcvuvGYJt,BBC
0.0,0.0,1.0,0.0,Sat Jul 28 08:02:06 +0000 2018,12,🛌 Namastay in bed! https://t.co/s2J2Uf4U99,BBC
0.6369,0.198,0.802,0.0,Sat Jul 28 09:03:03 +0000 2018,11,"📚🌍 With classic and contemporary choices perfectly matched to destinations all over the world, here's your ultimate… https://t.co/fsadf3W3rU",BBC
0.4019,0.213,0.787,0.0,Sat Jul 28 10:05:04 +0000 2018,10,Need to clean your headphone socket? Check out this #TechHack. https://t.co/RDtpHt03ZX,BBC
0.7157,0.282,0.633,0.085,Sat Jul 28 11:03:04 +0000 2018,9,"🧠 'Damaging your brain might not kill you, but can change your behaviour.'

Five fascinating facts about the human… https://t.co/XLoaV7C1uM",BBC
0.0,0.0,1.0,0.0,Sat Jul 28 13:02:06 +0000 2018,8,📖🥪 A brief history of the humble sarnie. https://t.co/25GXnqIXZy,BBC
0.5106,0.32,0.68,0.0,Sat Jul 28 14:06:01 +0000 2018,7,🐾❤️ Heaven really is a place on Earth... https://t.co/hCE7MqzF2P,BBC
-0.8658,0.0,0.481,0.519,Sat Jul 28 15:04:06 +0000 2018,6,"Branded and beaten: The children accused of witchcraft and murder.
👉 https://t.co/0Lzx9wdLa1 https://t.co/Syvy5ca7QG",BBC
0.3182,0.223,0.777,0.0,Sat Jul 28 16:03:06 +0000 2018,5,"Are you sure you don’t gender-stereotype children?
#NoMoreBoysAndGirls https://t.co/iThZ2P6REW",BBC
-0.0191,0.0,0.924,0.076,Sat Jul 28 17:03:00 +0000 2018,4,"'Doesn't matter what's written on the packet, wet wipes do not disintegrate.'
#TheFiveBillionPoundSuperSewer https://t.co/Ja9nBFnr6b",BBC
0.0,0.0,1.0,0.0,Sat Jul 28 18:07:05 +0000 2018,3,😂 Genius https://t.co/nqWGYEEBy4,BBC
-0.4019,0.0,0.787,0.213,Sat Jul 28 20:02:03 +0000 2018,2,The shocking story of a young man who shot his parents. https://t.co/6O1qzsiKAk,BBC
0.3612,0.135,0.865,0.0,Sat Jul 28 20:45:06 +0000 2018,1,"Stand-up comedy from Stewart Lee, recorded live from the Palace Theatre, Southend-on-Sea. 

Stewart Lee Content Pro… https://t.co/VCNnbkhi7J",BBC
0.0,0.0,1.0,0.0,Sat Jul 28 17:18:00 +0000 2018,100,".@dbongino: ""We don't owe you a dime more, Captain Federal Government, not a dime."" https://t.co/EYQ0nIXxZI",Fox News
-0.7579,0.0,0.698,0.302,Sat Jul 28 17:29:04 +0000 2018,99,Man accused of murdering New York City nurse may be connected to six other slayings: officials https://t.co/J2tmiYvbMl,Fox News
0.0,0.0,1.0,0.0,Sat Jul 28 17:35:28 +0000 2018,98,"An airplane passes in front of a nearly full moon above Tacoma, Wash. Thursday, July 26, 2018. https://t.co/KKOtcSaLif",Fox News
0.6249,0.177,0.823,0.0,Sat Jul 28 17:36:00 +0000 2018,97,".@Reince: ""Everyone should at least say this is great news for the country and give the president his due."" https://t.co/B84Ww9eqqf",Fox News
0.4588,0.2,0.8,0.0,Sat Jul 28 17:43:06 +0000 2018,96,"Missouri Boy, 8, Sets Up Lemonade Stand to Benefit Local Police Officers     https://t.co/TDKNq6t4xx",Fox News
0.3818,0.394,0.606,0.0,Sat Jul 28 17:48:44 +0000 2018,95,GDP growth: 2014 - 2018. https://t.co/0iumcLRgrb,Fox News
0.0857,0.202,0.619,0.179,Sat Jul 28 17:55:07 +0000 2018,94,NEWS ALERT: @POTUS declares state of emergency in California. https://t.co/dIs4EhLcqO https://t.co/kIkdHZBmu5,Fox News
0.34,0.138,0.862,0.0,Sat Jul 28 18:01:11 +0000 2018,93,"JFK security 'under review' after escapee from mental health facility hops fence, wanders onto taxiway https://t.co/OlZ7qma7KQ",Fox News
-0.3182,0.0,0.839,0.161,Sat Jul 28 18:02:37 +0000 2018,92,"Lawmakers struggle to decode Trump's 'secret' to deal with Russia, North Korea https://t.co/r4co0Ec9Pj",Fox News
0.6808,0.301,0.699,0.0,Sat Jul 28 18:07:00 +0000 2018,91,"On @foxandfriends, GOP Senate hopeful @JohnJamesMI discussed his endorsement from President @realDonaldTrump and hi… https://t.co/4vbBGNATmX",Fox News
0.3182,0.134,0.796,0.07,Sat Jul 28 18:10:57 +0000 2018,90,"BREAKING NEWS: Active shooter reported at Texas border town shopping mall; police warn people to stay away
https://t.co/uKts8P9frM",Fox News
0.0,0.0,1.0,0.0,Sat Jul 28 18:18:48 +0000 2018,89,California wildfire burns 500-plus structures. https://t.co/iNkyXXLhtf https://t.co/7TacvBkO5j,Fox News
-0.7096,0.0,0.67,0.33,Sat Jul 28 18:19:49 +0000 2018,88,"Michigan motel fire kills woman, five children from same family, officials say. https://t.co/a59p7ZTTrS https://t.co/478jPVxf0S",Fox News
0.0,0.0,1.0,0.0,Sat Jul 28 18:31:03 +0000 2018,87,"John Thomas on Dems asking for Kavanaugh's WH records: ""At the end of the day, those three [Senate] Democrats that… https://t.co/54Y3AXiU7z",Fox News
0.7015,0.299,0.701,0.0,Sat Jul 28 18:31:20 +0000 2018,86,.@Johnny_Joey: “Today it’s not the forgotten war. Today we’re remembering them and we’re going to have a chance to… https://t.co/JYeln41DpV,Fox News
0.4404,0.172,0.828,0.0,Sat Jul 28 18:31:38 +0000 2018,85,Sen. Cory Booker Pleads for Supporters to 'Get Up in the Face of Congresspeople' https://t.co/C9jqvjBLQ7,Fox News
0.624,0.157,0.843,0.0,Sat Jul 28 18:35:00 +0000 2018,84,"“My wife and I are deeply moved and deeply honored to be able to be there when we bring our boys home.”

SUNDAY:… https://t.co/XELArvGTKl",Fox News
0.4215,0.157,0.843,0.0,Sat Jul 28 18:38:21 +0000 2018,83,".@GillianHTurner: ""Michael Cohen, President Trump's longtime lawyer, is now claiming his boss approved the infamous… https://t.co/twa3zN1UQC",Fox News
0.0,0.0,1.0,0.0,Sat Jul 28 18:45:00 +0000 2018,82,"On @foxandfriends​, @dbongino​ outlined some ""new rules"" for how we should talk about the economy now that… https://t.co/1y6mC5o0ha",Fox News
0.0,0.0,1.0,0.0,Sat Jul 28 18:53:23 +0000 2018,81,".@VP: ""The fact that this president, sitting down with Kim Jong Un to negotiate the complete denuclearization of th… https://t.co/SeyGtofpX0",Fox News
0.0,0.0,1.0,0.0,Sat Jul 28 18:58:20 +0000 2018,80,Active-shooter report at Texas mall turns into alleged jewelry heist https://t.co/0uHfGU2dOX,Fox News
0.0,0.0,1.0,0.0,Sat Jul 28 18:58:33 +0000 2018,79,Trump cites 9/11 to back ICE against Democratic calls to abolish agency https://t.co/6uIGwvPBU5,Fox News
0.0,0.0,1.0,0.0,Sat Jul 28 18:59:43 +0000 2018,78,"Robert Charles on North Korea: ""At this moment in time, @realDonaldTrump has scored the following things...There ha… https://t.co/0Vd9lQcYRQ",Fox News
0.4404,0.209,0.791,0.0,Sat Jul 28 19:00:03 +0000 2018,77,WATCH: Ocasio-Cortez Supporters Stumped on How Democratic Socialism Would Be Funded                            https://t.co/h9tNGfc3Wl,Fox News
0.0,0.0,1.0,0.0,Sat Jul 28 19:02:13 +0000 2018,76,GDP - Second Quarter. https://t.co/NSVmbyaZPd,Fox News
0.0258,0.052,0.948,0.0,Sat Jul 28 19:03:58 +0000 2018,75,"Robert Charles on North Korea: ""As a matter of context, it appears to me that this president is doing exactly what… https://t.co/CtGoJvJDig",Fox News
0.0,0.0,1.0,0.0,Sat Jul 28 19:08:52 +0000 2018,74,"Robert Charles on North Korea: ""This is a trust-building exercise and what we are gonna do is we're gonna give [Kim… https://t.co/QnwiuuJwXN",Fox News
-0.5574,0.0,0.806,0.194,Sat Jul 28 19:16:34 +0000 2018,73,Missouri restaurant manager fired after being filmed telling black female customer to 'get out': report https://t.co/BVdlXj4VyL,Fox News
-0.296,0.0,0.916,0.084,Sat Jul 28 19:21:44 +0000 2018,72,"T.J. Rodgers: ""Guess what? You know, the guy came in. He said we have to lower taxes. We have to do this and that.… https://t.co/Qhu1DRlOnc",Fox News
-0.7698,0.0,0.643,0.357,Sat Jul 28 19:26:16 +0000 2018,71,"Veterans Advocate on Return of Korean War Remains: 'I Couldn't Be More Proud'
https://t.co/kUXNBk6hXC",Fox News
-0.3182,0.0,0.813,0.187,Sat Jul 28 19:34:14 +0000 2018,70,"Judge indicates Stormy Daniels' lawyer, Avenatti, unlikely to be gagged https://t.co/QVzFxh4PIR",Fox News
-0.34,0.0,0.893,0.107,Sat Jul 28 19:37:06 +0000 2018,69,"In this Thursday, July 26, 2018 photo, a structure burns as the Carr fire races along Highway 299 near Redding, Cal… https://t.co/oykORpjxbm",Fox News
0.0,0.0,1.0,0.0,Sat Jul 28 19:44:44 +0000 2018,68,".@SenAlexander on car tariffs: ""Now that we've got a policy of where we're going, zero tariffs, it's time to get ri… https://t.co/rEa1kQEmzk",Fox News
-0.836,0.0,0.611,0.389,Sat Jul 28 19:50:42 +0000 2018,67,Colorado man accused of stealing tractor led cops on chase before choking and biting police dog https://t.co/PeDlLWLjHR,Fox News
-0.3182,0.0,0.839,0.161,Sat Jul 28 19:53:46 +0000 2018,66,"Lawmakers struggle to decode Trump's 'secret' to deal with Russia, North Korea
https://t.co/OusFvLlxRa",Fox News
0.3818,0.394,0.606,0.0,Sat Jul 28 20:05:14 +0000 2018,65,GDP growth: 4.1 percent. https://t.co/9t5I8m1i2Y,Fox News
0.6124,0.217,0.783,0.0,Sat Jul 28 20:12:47 +0000 2018,64,".@ellisonbarber: ""The White House is loving the economy, they think it's great news for them but some economists sa… https://t.co/Rn7JsjOmjG",Fox News
-0.5106,0.0,0.784,0.216,Sat Jul 28 20:14:36 +0000 2018,63,GOP lawmaker wants answers on FBI's alleged Southern Poverty Law Center ties https://t.co/rDvb9RVVMg,Fox News
0.8316,0.328,0.672,0.0,Sat Jul 28 20:18:48 +0000 2018,62,".@RepLanceNJ7 on economic growth: ""I hope that we return to free trade because I think that's the way to sustain th… https://t.co/mdHEDPdfjQ",Fox News
0.0946,0.173,0.711,0.116,Sat Jul 28 20:24:00 +0000 2018,61,"SUNDAY: Don't miss ""Life, Liberty, &amp; Levin"" with @marklevinshow with special guest @AllenWest - Tune in at 10p ET o… https://t.co/B5KrJh9xaN",Fox News
-0.5267,0.0,0.815,0.185,Sat Jul 28 20:26:17 +0000 2018,60,.@POTUS has ordered federal aid to California as raging wildfires prompt thousands of evacuations; @Jeff_Journalist… https://t.co/tClP3jE1eC,Fox News
0.0,0.0,1.0,0.0,Sat Jul 28 20:34:20 +0000 2018,59,"Dave Brown on reunification of migrant families: ""One child not reunited with his or her mom and dad is one too man… https://t.co/nUx6XTXD4U",Fox News
0.6369,0.234,0.766,0.0,Sat Jul 28 20:39:01 +0000 2018,58,".@JohnJamesMI: ""Thank you, Mr. President, Mr. Vice President, for your support. I will not let you down in Washingt… https://t.co/cKBrvpct5o",Fox News
0.0,0.0,1.0,0.0,Sat Jul 28 20:47:33 +0000 2018,57,"‘All In The Family,' ‘The Jeffersons,' ‘Good Times’ and ‘Maude’ to return to TV https://t.co/psRnquHF4p",Fox News
-0.7269,0.0,0.736,0.264,Sat Jul 28 20:53:28 +0000 2018,56,North Korea has delivered the possible remains of 55 U.S. soldiers missing from the Korean War; @BryanLlenas report… https://t.co/6lcDlcHwSW,Fox News
-0.3182,0.0,0.813,0.187,Sat Jul 28 21:03:23 +0000 2018,55,"Judge indicates Stormy Daniels' lawyer, Avenatti, unlikely to be gagged https://t.co/Y7KRPzMlsA",Fox News
0.0772,0.061,0.939,0.0,Sat Jul 28 21:10:17 +0000 2018,54,".@esaagar: ""The GDP number is something that the president and this White House are gonna be riding on probably for… https://t.co/e6y6gFnAz8",Fox News
-0.296,0.0,0.901,0.099,Sat Jul 28 21:15:00 +0000 2018,53,Betty White reveals she has no plans to retire at age 96: 'I'm going to be in the saddle forever' https://t.co/jsCOyIRGOs,Fox News
-0.7184,0.0,0.6,0.4,Sat Jul 28 21:17:32 +0000 2018,52,"Carr Fire in California destroys more than 80,000 acres: officials https://t.co/wzPffaEH55",Fox News
-0.4404,0.129,0.597,0.274,Sat Jul 28 21:20:26 +0000 2018,51,.@kayleighmcenany: Democrats' love of socialism is a losing strategy – but they foolishly follow it anyway… https://t.co/JqK838XYAF,Fox News
0.4215,0.157,0.843,0.0,Sat Jul 28 21:20:26 +0000 2018,50,".@GillianHTurner: ""Michael Cohen, President Trump's longtime lawyer, is now claiming his boss approved the infamous… https://t.co/gW9zVu52Lo",Fox News
0.0,0.0,1.0,0.0,Sat Jul 28 21:26:59 +0000 2018,49,An American flag is displayed during a mass reenlistment held by the 1st Battalion Army Reserve Counselor Division… https://t.co/LMV6vSPQnW,Fox News
0.3818,0.187,0.748,0.065,Sat Jul 28 21:27:43 +0000 2018,48,".@MrJoshuaRogers: You're going through something hard -- you may be surprised to learn where God is right now
https://t.co/KNnKEdmHhy",Fox News
0.0,0.0,1.0,0.0,Sat Jul 28 21:33:02 +0000 2018,47,Two major wildfires in California have prompted evacuations; @Jeff_Journalist reports. https://t.co/dIs4EhLcqO https://t.co/LZSS37gKnw,Fox News
0.765,0.268,0.732,0.0,Sat Jul 28 21:35:00 +0000 2018,46,"“We remain confident that before the fall is out that Judge Brett Kavanaugh will be Justice Brett Kavanaugh.”

SUND… https://t.co/dKgikRo6or",Fox News
0.0,0.0,1.0,0.0,Sat Jul 28 21:41:12 +0000 2018,45,".@Garrett_FoxNews: ""The key here is that DHS said it's reunified every eligible parent with their children. 711 kid… https://t.co/8CBwMHozva",Fox News
0.2732,0.091,0.909,0.0,Sat Jul 28 21:42:00 +0000 2018,44,OPINION: Americans still believe in God. So why do so many of us see church as just optional rental car insurance? https://t.co/xRrFrKzaKW,Fox News
0.0,0.0,1.0,0.0,Sat Jul 28 21:47:25 +0000 2018,43,.@VP will travel to Hawaii for a repatriation ceremony next week; @BryanLlenas reports. https://t.co/KbE1fZNDFL https://t.co/RiCL0kdDiH,Fox News
0.0,0.0,1.0,0.0,Sat Jul 28 21:53:49 +0000 2018,42,"Lt. Col. James Reese on NK releasing possible remains of Americans:  ""One of the things we as a nation have to do i… https://t.co/HjmujiYEyz",Fox News
0.0,0.0,1.0,0.0,Sat Jul 28 21:56:00 +0000 2018,41,SUNDAY: Go inside the home of @Jeopardy TV Legend Alex Trebek with @HarveyLevinTMZ - 8p ET on Fox News Channel! https://t.co/j7WjOXyusr,Fox News
-0.8555,0.0,0.598,0.402,Sat Jul 28 22:00:16 +0000 2018,40,Autistic woman was allegedly caged and forced to eat her dead mother's ashes; 5 face federal charges https://t.co/ZbRDd5Amli,Fox News
-0.6249,0.0,0.611,0.389,Sat Jul 28 22:07:00 +0000 2018,39,Baltimore man charged with sexually assaulting seatmate on airplane https://t.co/ifyANP93cI,Fox News
0.2263,0.147,0.853,0.0,Sat Jul 28 22:15:12 +0000 2018,38,"Marijuana worth roughly $12M seized from chicken farm, Georgia authorities say https://t.co/5HwHsKYq8W",Fox News
0.0,0.0,1.0,0.0,Sat Jul 28 22:21:07 +0000 2018,37,Name given to North Carolina's baby white rhino https://t.co/AkBJHp2Ptq,Fox News
-0.3612,0.0,0.894,0.106,Sat Jul 28 22:36:19 +0000 2018,36,"Colorado man spits on officer, strikes him with car after ticket for leaving dogs in hot car as he ate: report https://t.co/454AuUN7oZ",Fox News
0.7184,0.261,0.739,0.0,Sat Jul 28 22:50:00 +0000 2018,35,The Supreme Court nomination of Brett Kavanaugh is expected to play a major role in the Indiana Senate race;… https://t.co/gK8TKagngp,Fox News
0.25,0.188,0.812,0.0,Sat Jul 28 23:00:33 +0000 2018,34,'Homecoming' star Julia Roberts opens up about 'mental challenge' of filming new Amazon series https://t.co/h5PyJS9iI3,Fox News
0.3182,0.202,0.798,0.0,Sat Jul 28 23:05:00 +0000 2018,33,SUNDAY: Treasury Secretary @stevenmnuchin1 sits down with Chris Wallace for an exclusive interview on… https://t.co/yHgOP6agXx,Fox News
-0.1779,0.0,0.892,0.108,Sat Jul 28 23:10:20 +0000 2018,32,President @realDonaldTrump is touting the 4.1 percent GDP report amid several controversies; @ellisonbarber reports… https://t.co/1CpKika37w,Fox News
0.0,0.0,1.0,0.0,Sat Jul 28 23:16:12 +0000 2018,31,".@michaelscherer on GDP report: ""Republican candidates who are facing really daunting odds in a lot of these House… https://t.co/utAUYYn4J6",Fox News
0.0,0.0,1.0,0.0,Sat Jul 28 23:27:54 +0000 2018,30,Two major wildfires in California have prompted evacuations; @Jeff_Journalist reports. #FoxReport… https://t.co/JLZWKA6ArG,Fox News
0.6705,0.234,0.766,0.0,Sat Jul 28 23:47:03 +0000 2018,29,".@Jim_Jordan: ""When we formed [the House Freedom Caucus] three years ago, we talk about the countless number of Ame… https://t.co/rtigcsar2S",Fox News
-0.2263,0.0,0.808,0.192,Sat Jul 28 23:55:55 +0000 2018,28,Colorado bear reportedly tears apart man's truck interior https://t.co/aAboHLMZvy,Fox News
0.9158,0.461,0.539,0.0,Sun Jul 29 00:12:15 +0000 2018,27,PARACHUTE PARTY: A Seattle daredevil celebrated his 100th birthday the best way he knew how — by jumping from a pla… https://t.co/UBM41bZBgq,Fox News
-0.4522,0.0,0.844,0.156,Sun Jul 29 00:21:30 +0000 2018,26,".@charliekirk11: ""If socialist professors really believe the nonsense that they, you know, profess, why don't they… https://t.co/BLLAQCiQJ2",Fox News
0.1139,0.093,0.907,0.0,Sun Jul 29 00:24:00 +0000 2018,25,"SUNDAY: Don't miss Rudy Giuliani, President @realDonaldTrump's attorney, on @FoxNewsSunday. Check your local listin… https://t.co/kJoiJFypkQ",Fox News
0.0,0.0,1.0,0.0,Sun Jul 29 00:27:23 +0000 2018,24,Boy with deformed legs undergoes life-changing surgery at Tebow CURE Hospital https://t.co/uVBbJFPemZ,Fox News
0.6666,0.243,0.757,0.0,Sun Jul 29 00:32:12 +0000 2018,23,"Thomas Homan: ""There's been nobody that has done more for border security and public safety than President Trump.""… https://t.co/sfHazO8kMr",Fox News
0.0,0.0,1.0,0.0,Sun Jul 29 00:37:18 +0000 2018,22,"Two Massachusetts police officers shot while investigating 'disturbance,' authorities say https://t.co/XNJ7Gr2UKa",Fox News
0.7184,0.4,0.6,0.0,Sun Jul 29 00:40:33 +0000 2018,21,Strong economic numbers give Republicans a much-needed boost ahead of midterms https://t.co/w8wdMMjUNp,Fox News
0.4019,0.197,0.803,0.0,Sun Jul 29 00:49:25 +0000 2018,20,Homeless man applying for McDonald's job lands position with cop's help https://t.co/G1TlVduRhZ,Fox News
-0.7698,0.0,0.661,0.339,Sun Jul 29 00:54:00 +0000 2018,19,Veterans Advocate on Return of Korean War Remains: 'I Couldn't Be More Proud' https://t.co/3mPxwhjyo2 https://t.co/P7jSEALYuH,Fox News
-0.6858,0.0,0.575,0.425,Sun Jul 29 00:59:59 +0000 2018,18,"Superintendent accused of public defecation resigns, but continues to fight allegations https://t.co/8mkugNyBzk",Fox News
-0.4019,0.0,0.803,0.197,Sun Jul 29 01:13:19 +0000 2018,17,"Florida police officer dies after being injured in shooting, police say https://t.co/IrqEDu5OVm",Fox News
-0.34,0.0,0.789,0.211,Sun Jul 29 01:28:13 +0000 2018,16,Giuliani says experts think 'someone messed' with Cohen tape https://t.co/kqYzzUV1g8,Fox News
0.624,0.157,0.843,0.0,Sun Jul 29 01:35:00 +0000 2018,15,"“My wife and I are deeply moved and deeply honored to be able to be there when we bring our boys home.”

SUNDAY:… https://t.co/hi08AwXlUT",Fox News
-0.2263,0.0,0.905,0.095,Sun Jul 29 01:43:03 +0000 2018,14,".@hogangidley45 on @POTUS' speech to steelworkers: ""I watched the tears stream down the faces of grown men...who to… https://t.co/YhtjzvJox0",Fox News
-0.3182,0.0,0.839,0.161,Sun Jul 29 01:57:45 +0000 2018,13,"Lawmakers struggle to decode Trump's 'secret' to deal with Russia, North Korea https://t.co/B16umXIepR",Fox News
0.6486,0.346,0.654,0.0,Sun Jul 29 02:09:33 +0000 2018,12,Obama administration approved $200G grant to group with Al Qaeda ties https://t.co/BTXVxibbBT,Fox News
-0.5994,0.0,0.782,0.218,Sun Jul 29 02:17:35 +0000 2018,11,"OPINION: @AndyPuzder: China started the trade war, Trump is just trying to end it https://t.co/20kdeqXQkR",Fox News
0.0,0.0,1.0,0.0,Sun Jul 29 02:26:04 +0000 2018,10,"Mueller, Trump Jr. photographed waiting in same DC airport terminal https://t.co/m4lL2RuG9Y",Fox News
-0.6705,0.0,0.667,0.333,Sun Jul 29 02:36:30 +0000 2018,9,Officers killed in the line of duty in 2018 https://t.co/NpTaRDRbVM,Fox News
-0.1027,0.0,0.915,0.085,Sun Jul 29 02:45:26 +0000 2018,8,San Francisco train conductor reportedly warns riders to watch 'for needles' amid 'needle litter' epidemic. https://t.co/njhZ7OfitZ,Fox News
0.5423,0.179,0.821,0.0,Sun Jul 29 02:54:46 +0000 2018,7,".@POTUS will posthumously award the #MedalofHonor to Tech Sgt. John Chapman, the @WhiteHouse announced Friday. Sgt.… https://t.co/A3q4m3ODm9",Fox News
0.0,0.0,1.0,0.0,Sun Jul 29 03:12:59 +0000 2018,6,"Duck boat capsized amid fast-changing conditions on Missouri lake, NTSB says https://t.co/nqXeVxFGpm",Fox News
-0.3182,0.0,0.813,0.187,Sun Jul 29 03:25:59 +0000 2018,5,"Judge indicates Stormy Daniels' lawyer, Avenatti, unlikely to be gagged https://t.co/Y7KRPzMlsA",Fox News
0.0,0.0,1.0,0.0,Sun Jul 29 03:26:37 +0000 2018,4,".@JudgeJeanine: ""Americans elected the outsider businessman president. Why? To borrow a phrase from the man himself… https://t.co/nNEIAUn1BJ",Fox News
-0.25,0.0,0.9,0.1,Sun Jul 29 03:29:26 +0000 2018,3,Families with young children protest the separation of immigrant families with a sit-in at the Hart Senate Office B… https://t.co/1z40W9TSrB,Fox News
0.0,0.0,1.0,0.0,Sun Jul 29 03:41:57 +0000 2018,2,"Rep. John Lewis hospitalized, under 'routine observation' https://t.co/sP9hRyMREF",Fox News
-0.4215,0.258,0.385,0.357,Sun Jul 29 03:54:25 +0000 2018,1,Boy battling cancer granted wish to be firefighter for a day https://t.co/7WQRL5YcBR,Fox News
0.0,0.0,1.0,0.0,Sat Jul 28 03:01:04 +0000 2018,100,"A Mexican journalist and his son are released from ICE custody, but questions linger about their detention… https://t.co/SJ3TaTax02",CNN
-0.2411,0.0,0.869,0.131,Sat Jul 28 03:16:07 +0000 2018,99,"A Democratic lawmaker says Michael Cohen is ""not a heroic figure"" but has credibility https://t.co/0sffmITo5e https://t.co/SxTFRDN297",CNN
0.0,0.0,1.0,0.0,Sat Jul 28 03:31:05 +0000 2018,98,A federal judge said she will appoint an independent monitor to keep tabs on the conditions migrant children are ke… https://t.co/kGe0MBpxOM,CNN
0.0,0.0,1.0,0.0,Sat Jul 28 03:46:07 +0000 2018,97,The list of potential witnesses in the Paul Manafort case reveals a road map for prosecutors https://t.co/QHuAYrV7Ik https://t.co/tuFtcQ2NV1,CNN
0.4522,0.129,0.871,0.0,Sat Jul 28 04:01:00 +0000 2018,96,This man built a floating bicycle so he could clean trash from a river in order to raise awareness about plastic po… https://t.co/ZAGzVq3xwZ,CNN
-0.802,0.0,0.647,0.353,Sat Jul 28 04:16:03 +0000 2018,95,"A police officer in Meridian, Mississippi, has been fired after using his stun gun against a handcuffed suspect dur… https://t.co/G4GvSWADJg",CNN
0.3612,0.122,0.878,0.0,Sat Jul 28 04:31:00 +0000 2018,94,"It’s like a real-life Iron Man. This flying suit was built using 3D printed parts, specialist electronics and five… https://t.co/XwLUla2rxR",CNN
0.0,0.0,1.0,0.0,Sat Jul 28 04:46:06 +0000 2018,93,The man who steered a duck boat on a Missouri lake as a thunderstorm approached is heard on video earlier as saying… https://t.co/W1YNaUPgZX,CNN
0.2263,0.091,0.909,0.0,Sat Jul 28 05:01:00 +0000 2018,92,"After years of research, scientists have confirmed that liquid water exists on Mars. This could allow humans to fur… https://t.co/6ZLOIYhSl1",CNN
-0.3804,0.0,0.861,0.139,Sat Jul 28 05:16:02 +0000 2018,91,"President Donald Trump's lawyer, Rudy Giuliani, substantially weakened his case against Michael Cohen by going back… https://t.co/Y0a9drtP0R",CNN
0.0,0.0,1.0,0.0,Sat Jul 28 05:31:00 +0000 2018,90,"Watch the moment thousands of sardines jumped out of the water in a fishing port in Taipei, Taiwan… https://t.co/V1NMAkim02",CNN
-0.25,0.0,0.882,0.118,Sat Jul 28 05:46:07 +0000 2018,89,"A church put Jesus in a cage to protest immigration policies. Now, he's been replaced with a mirror.… https://t.co/pn4m2Prf3H",CNN
-0.296,0.0,0.855,0.145,Sat Jul 28 06:01:04 +0000 2018,88,A zoo is accused of painting a donkey and passing it off as a zebra https://t.co/0btZwatCTC https://t.co/OcDMtXr0Fe,CNN
0.4404,0.172,0.828,0.0,Sat Jul 28 06:16:04 +0000 2018,87,Why it was such a good week in Trumpworld | By Frida Ghitis via @CNNOpinion https://t.co/uatVYIGCSt https://t.co/CZwSalCFp9,CNN
0.3182,0.103,0.897,0.0,Sat Jul 28 06:31:00 +0000 2018,86,"""A huge statue of Jeff Goldblum is not something you see in London every day."" A 25-foot, 330-pound statue of Goldb… https://t.co/f5cNhbiLBA",CNN
-0.2263,0.0,0.881,0.119,Sat Jul 28 07:01:05 +0000 2018,85,"'Recovering addict' secretly treats a table of EMTs to breakfast, bringing them to tears https://t.co/vf6bsVKLeH https://t.co/bA31f54hQ6",CNN
0.0,0.0,1.0,0.0,Sat Jul 28 07:31:00 +0000 2018,84,These are the world's largest planes (and other flying things) https://t.co/LtoidZbkgD https://t.co/g4RkalnuDI,CNN
0.0,0.0,1.0,0.0,Sat Jul 28 08:01:05 +0000 2018,83,The Trump administration wants to roll back the Endangered Species Act. These 10 animals might not be here today wi… https://t.co/1UbCn4PHjv,CNN
0.3182,0.108,0.892,0.0,Sat Jul 28 08:31:00 +0000 2018,82,This new NASA animation shows the dramatic increase of near-Earth objects. See how many asteroids and comets have c… https://t.co/4jvAElECg1,CNN
0.0,0.0,1.0,0.0,Sat Jul 28 09:01:02 +0000 2018,81,A 12-year-old boy who can't speak wrote a book with his eyes https://t.co/ezkAzVJHxS https://t.co/zVyrpeeSTc,CNN
0.4019,0.153,0.847,0.0,Sat Jul 28 09:31:00 +0000 2018,80,This Florida police officer helped a homeless man shave to help him land a job at a restaurant… https://t.co/S8WoHUjIxp,CNN
0.0,0.0,1.0,0.0,Sat Jul 28 10:01:08 +0000 2018,79,"Putin gave Trump a soccer ball during a news conference in Helsinki, Finland -- and the ball may have contained a t… https://t.co/ymLOQDzATT",CNN
-0.296,0.0,0.891,0.109,Sat Jul 28 10:31:00 +0000 2018,78,"No, this car wasn't split in half. It's Solo, an electric vehicle with one seat and three wheels.… https://t.co/U46hayemA6",CNN
0.3612,0.102,0.898,0.0,Sat Jul 28 11:01:06 +0000 2018,77,A new study supports what most dog owners already know: Your pup rushes to your side faster than usual if he or she… https://t.co/oeTrKdbvqO,CNN
0.5859,0.16,0.84,0.0,Sat Jul 28 11:31:00 +0000 2018,76,"The future of Sky Bars, NECCO wafers, and Sweethearts is in limbo after NECCO, the oldest American candy company, s… https://t.co/fSi9mMdxsj",CNN
0.0,0.0,1.0,0.0,Sat Jul 28 12:01:06 +0000 2018,75,"Three former US secretaries of state -- Madeleine Albright, Colin Powell and Hillary Clinton -- will appear togethe… https://t.co/aPaPwnjSVU",CNN
0.0,0.0,1.0,0.0,Sat Jul 28 12:31:00 +0000 2018,74,These aerial photos show human impact on Earth https://t.co/QuBdlOl8RA https://t.co/rDEhApQfLI,CNN
0.1027,0.18,0.667,0.153,Sat Jul 28 13:01:06 +0000 2018,73,Here's how to help the victims of the Greece wildfires https://t.co/FoxnJrBJ3C https://t.co/l1hrKpA1g2,CNN
-0.296,0.0,0.879,0.121,Sat Jul 28 13:15:03 +0000 2018,72,Family rushes to find two missing children and their great-grandmother as deadly Northern California wildfire grows… https://t.co/33yt2uJEiv,CNN
-0.872,0.0,0.681,0.319,Sat Jul 28 13:30:11 +0000 2018,71,A gunman killed two people at his Texas home before going to a nearby nursing home and killing two others and himse… https://t.co/DNCmg0q1VU,CNN
0.0,0.0,1.0,0.0,Sat Jul 28 13:31:01 +0000 2018,70,"This is Japan's art island, where the museums were custom-built to exhibit famous works https://t.co/sjvAj0BSK3 https://t.co/FNuwlSdW4c",CNN
0.0,0.0,1.0,0.0,Sat Jul 28 13:45:04 +0000 2018,69,Animation makes the impossible possible. Walt Disney knew it. Hanna &amp; Barbera knew it. And generations of animators… https://t.co/4Ookn4r2d4,CNN
0.0,0.0,1.0,0.0,Sat Jul 28 14:01:11 +0000 2018,68,Coke is raising soda prices because of aluminum tariffs https://t.co/kZtHUdYTna https://t.co/EaXz2BStIF,CNN
-0.0258,0.103,0.788,0.108,Sat Jul 28 14:10:06 +0000 2018,67,"Pope Francis has accepted the resignation of Cardinal Theodore McCarrick, who led the Archdiocese of Washington, af… https://t.co/fDQzRyRTUE",CNN
-0.6249,0.0,0.779,0.221,Sat Jul 28 14:20:09 +0000 2018,66,A frantic search is underway for a woman and two young children who went missing this week as a deadly wildfire rea… https://t.co/VVB1CCqhWM,CNN
-0.4215,0.0,0.872,0.128,Sat Jul 28 14:30:10 +0000 2018,65,"A teen broke into a home in California shortly after midnight and woke a sleeping couple to ask to use their Wi-Fi,… https://t.co/c6wnEFWInG",CNN
-0.5106,0.079,0.705,0.216,Sat Jul 28 14:40:06 +0000 2018,64,"The United Nations has verified 7,000 cases of children either killed or maimed in Syria's seven-year war, but says… https://t.co/FMQrLbzl2p",CNN
0.0,0.0,1.0,0.0,Sat Jul 28 14:51:00 +0000 2018,63,"""The Brady Bunch"" house, the classic split-level scene for nearly every episode of the hit TV show, is now on the m… https://t.co/BKEkacqQtv",CNN
0.0,0.0,1.0,0.0,Sat Jul 28 15:03:16 +0000 2018,62,"The longest total lunar eclipse of the century concluded Friday night, showcasing a blood moon for most of the East… https://t.co/6A06j2CH3N",CNN
0.0,0.0,1.0,0.0,Sat Jul 28 15:10:04 +0000 2018,61,Demi Lovato remains in the hospital following an apparent drug overdose at her home on Tuesday… https://t.co/qxU3vvduIv,CNN
0.0,0.0,1.0,0.0,Sat Jul 28 15:22:35 +0000 2018,60,A 12-year-old boy who can't speak wrote a book with his eyes https://t.co/eBAdQUz4AR https://t.co/rpWg9UT3ly,CNN
-0.2263,0.0,0.881,0.119,Sat Jul 28 15:33:12 +0000 2018,59,"'Recovering addict' secretly treats a table of EMTs to breakfast, bringing them to tears https://t.co/SQi6Mr5fKi https://t.co/yuBxc34RzI",CNN
-0.2732,0.0,0.896,0.104,Sat Jul 28 15:41:08 +0000 2018,58,"How a small-town French psychic became the face -- and, her family says, a victim -- of a $200 million scam… https://t.co/ta3MY4ZMmg",CNN
-0.3612,0.132,0.62,0.248,Sat Jul 28 15:53:51 +0000 2018,57,"Growing homophobia will fuel the HIV epidemic, experts fear https://t.co/aCsZoWXygT",CNN
0.0,0.0,1.0,0.0,Sat Jul 28 16:01:18 +0000 2018,56,"Ximena Barreto, a far-right pundit appointed to a communications post at the Department of Health and Human Service… https://t.co/S0qGNi2sBV",CNN
-0.3818,0.0,0.776,0.224,Sat Jul 28 16:17:13 +0000 2018,55,"Inside Alaska's battles over land, sea and life https://t.co/JC4yFR3jCS https://t.co/zMCJ60lY97",CNN
0.4019,0.137,0.863,0.0,Sat Jul 28 16:37:54 +0000 2018,54,Eric Holder says he's interested in being president. And he thinks he has what it takes. https://t.co/xZUmQKJvig https://t.co/7GiWKLxc3N,CNN
-0.4404,0.0,0.873,0.127,Sat Jul 28 16:41:19 +0000 2018,53,"""I think a lot of people are tired of hearing ... the adults talk"": NBA star Carmelo Anthony tells @VanJones68 that… https://t.co/qV0YO4kvnW",CNN
0.0772,0.061,0.939,0.0,Sat Jul 28 16:55:03 +0000 2018,52,"We haven't seen their faces. We don't know their names. We only know a number: 711.

That's how many immigrant kids… https://t.co/LohivJ3I11",CNN
0.3182,0.103,0.897,0.0,Sat Jul 28 16:57:05 +0000 2018,51,"Listen to the soothing sounds of the sun. Scientists mapped vibrations that form the ""low, pulsing hum of our star'… https://t.co/5BvhTJjD4x",CNN
0.0,0.0,1.0,0.0,Sat Jul 28 17:00:07 +0000 2018,50,"Women turned out in force in Pakistan's general election this week, shoving aside often decades of patriarchy and t… https://t.co/i8yP6960f1",CNN
0.0,0.0,1.0,0.0,Sat Jul 28 17:10:06 +0000 2018,49,What was meant to be a celebratory tour of the Midwest on Thursday turned sour for President Trump when he learned… https://t.co/75MstTZIJ7,CNN
-0.4767,0.0,0.846,0.154,Sat Jul 28 17:20:07 +0000 2018,48,"A North Miami Beach police officer arrested after allegedly kicking a pregnant woman in the stomach has been fired,… https://t.co/BFoRa5Kgo1",CNN
0.0,0.0,1.0,0.0,Sat Jul 28 17:30:14 +0000 2018,47,"2018 is on pace to be the fourth hottest year on record, according to data from the National Oceanic and Atmospheri… https://t.co/GbLcnbvugi",CNN
-0.5574,0.0,0.859,0.141,Sat Jul 28 17:40:09 +0000 2018,46,"Disney has announced the cast for 'Star Wars: Episode IX,' the next chapter from the galaxy far, far away -- and it… https://t.co/gO7K2xE0RB",CNN
-0.8137,0.0,0.655,0.345,Sat Jul 28 17:50:02 +0000 2018,45,"""She doesn't want to let go."" A mourning orca mom carried her dead baby for days through the ocean… https://t.co/TxjQGR3SqJ",CNN
-0.0258,0.103,0.788,0.108,Sat Jul 28 18:07:54 +0000 2018,44,"Pope Francis has accepted the resignation of Cardinal Theodore McCarrick, who led the Archdiocese of Washington, af… https://t.co/JTA4MctcKE",CNN
-0.34,0.0,0.876,0.124,Sat Jul 28 18:20:06 +0000 2018,43,"Northern California's deadly Carr Fire nearly doubled in size to 80,906 acres Saturday as authorities searched for… https://t.co/RRihhtpoFo",CNN
-0.4215,0.0,0.872,0.128,Sat Jul 28 18:30:09 +0000 2018,42,"A teen broke into a home in California shortly after midnight and woke a sleeping couple to ask to use their Wi-Fi,… https://t.co/EdschoVQ38",CNN
-0.3612,0.0,0.894,0.106,Sat Jul 28 18:40:08 +0000 2018,41,Police have responded to at least 125 calls in the past five years alleging sex offenses at shelters that house imm… https://t.co/lhLLoEX2Yh,CNN
0.0,0.0,1.0,0.0,Sat Jul 28 18:50:04 +0000 2018,40,A 12-year-old boy who can't speak wrote a book with his eyes https://t.co/UarTSHuzDK https://t.co/2VoD2UvWec,CNN
0.0,0.0,1.0,0.0,Sat Jul 28 19:00:06 +0000 2018,39,"Ximena Barreto, a far-right pundit appointed to a communications post at the Department of Health and Human Service… https://t.co/urTSAb24tb",CNN
-0.5106,0.079,0.705,0.216,Sat Jul 28 19:10:04 +0000 2018,38,"The United Nations has verified 7,000 cases of children either killed or maimed in Syria's seven-year war, but says… https://t.co/8jwUWDt4xx",CNN
-0.296,0.0,0.891,0.109,Sat Jul 28 19:20:00 +0000 2018,37,"No, this car wasn't split in half. It's Solo, an electric vehicle with one seat and three wheels.… https://t.co/cvsErskJpc",CNN
-0.6908,0.0,0.711,0.289,Sat Jul 28 19:20:10 +0000 2018,36,"Citing possible fraud, Michigan State University has stopped making payments from a fund established to financially… https://t.co/jv1iP3Zb5b",CNN
0.5859,0.16,0.84,0.0,Sat Jul 28 19:30:00 +0000 2018,35,"The future of Sky Bars, NECCO wafers, and Sweethearts is in limbo after NECCO, the oldest American candy company, s… https://t.co/NjGC2Kg0JY",CNN
-0.802,0.0,0.647,0.353,Sat Jul 28 19:30:05 +0000 2018,34,"A police officer in Meridian, Mississippi, has been fired after using his stun gun against a handcuffed suspect dur… https://t.co/pwgUkl3etL",CNN
0.0,0.0,1.0,0.0,Sat Jul 28 19:40:04 +0000 2018,33,An unknown prankster put a Putin portrait in Colorado's state Capitol where Trump's would be https://t.co/VXgLFSbIBj https://t.co/rMFoEvn3lo,CNN
-0.5994,0.0,0.754,0.246,Sat Jul 28 19:50:06 +0000 2018,32,Hundreds of Idaho inmates exploited a vulnerability in their personal tablets and gave themselves thousands of doll… https://t.co/ZrzaS4mozq,CNN
-0.4404,0.0,0.854,0.146,Sat Jul 28 20:00:09 +0000 2018,31,"20 times that Trump and his allies denied he knew of the 2016 Trump Tower meeting 
https://t.co/wdPEBgQNmo https://t.co/OeggNdH0zv",CNN
0.4939,0.171,0.762,0.067,Sat Jul 28 20:10:04 +0000 2018,30,California's Supreme Court ruled that employers must pay workers for the time they spend completing off-the-clock t… https://t.co/eSheFSoryT,CNN
0.5859,0.174,0.826,0.0,Sat Jul 28 20:20:00 +0000 2018,29,"Queen Elizabeth II *loves* horses. 

She rides them every weekend, is a successful race horse owner, and makes cert… https://t.co/5WpnbhxMEM",CNN
-0.2732,0.0,0.896,0.104,Sat Jul 28 20:30:04 +0000 2018,28,"How a small-town French psychic became the face -- and, her family says, a victim -- of a $200 million scam… https://t.co/jBPxNMWu8X",CNN
0.4215,0.141,0.859,0.0,Sat Jul 28 21:01:57 +0000 2018,27,"NBA star Carmelo Anthony, whose father is Puerto Rican, tells @VanJones68 that the United States government ""comple… https://t.co/qpxKW9wmJy",CNN
0.0,0.0,1.0,0.0,Sat Jul 28 21:10:00 +0000 2018,26,"""I've been waiting my whole life to find my mother"": An American woman who was separated from her family as a newbo… https://t.co/XRk2XPufHr",CNN
-0.5106,0.079,0.705,0.216,Sat Jul 28 21:11:53 +0000 2018,25,"The United Nations has verified 7,000 cases of children either killed or maimed in Syria's seven-year war, but says… https://t.co/kBPcNAhd1S",CNN
-0.7717,0.0,0.66,0.34,Sat Jul 28 21:20:04 +0000 2018,24,"The terminally ill should be allowed to die, Robert Klitzman writes for @CNNopinion https://t.co/dmpkpieDeE https://t.co/9uydnLM5ee",CNN
-0.2263,0.17,0.622,0.207,Sat Jul 28 21:30:11 +0000 2018,23,An Egyptian court on Saturday sentenced 75 people to death for participating in a 2013 demonstration in support of… https://t.co/8uRg3PudMQ,CNN
0.0,0.0,1.0,0.0,Sat Jul 28 21:40:03 +0000 2018,22,Why travel is the ultimate test of a relationship https://t.co/8nFwSMjsOj,CNN
0.3182,0.113,0.887,0.0,Sat Jul 28 21:45:00 +0000 2018,21,This NASA animation shows the dramatic increase of near-Earth objects. See how many asteroids and comets have come… https://t.co/Glff4osObz,CNN
0.0,0.0,1.0,0.0,Sat Jul 28 21:50:06 +0000 2018,20,A 12-year-old boy who can't speak wrote a book with his eyes https://t.co/kFJcL2mvBC https://t.co/SJ2nbQI8Wn,CNN
-0.8481,0.0,0.595,0.405,Sat Jul 28 22:00:13 +0000 2018,19,Gun control groups lost an emergency bid to block a Texas organization from posting instructions to 3-D print a gun… https://t.co/T9WXZ4sTzh,CNN
-0.6908,0.0,0.711,0.289,Sat Jul 28 22:20:06 +0000 2018,18,"Citing possible fraud, Michigan State University has stopped making payments from a fund established to financially… https://t.co/FLD9W9sjYm",CNN
-0.802,0.0,0.647,0.353,Sat Jul 28 22:40:02 +0000 2018,17,"A police officer in Meridian, Mississippi, has been fired after using his stun gun against a handcuffed suspect dur… https://t.co/bXiUABDFik",CNN
-0.4404,0.0,0.854,0.146,Sat Jul 28 23:00:08 +0000 2018,16,"20 times that Trump and his allies denied he knew of the 2016 Trump Tower meeting 
https://t.co/oQtMns1opu https://t.co/B9WQrDLTpM",CNN
0.4215,0.141,0.859,0.0,Sat Jul 28 23:32:30 +0000 2018,15,"The United States government ""completely turned their back"" on Puerto Rico after Hurricane Maria, NBA star Carmelo… https://t.co/BHgNQ5w22A",CNN
-0.4404,0.0,0.873,0.127,Sat Jul 28 23:45:00 +0000 2018,14,"""I think a lot of people are tired of hearing ... the adults talk"": On #VanJonesShow, NBA star Carmelo Anthony tell… https://t.co/iLOAONVNMm",CNN
0.0,0.0,1.0,0.0,Sun Jul 29 00:00:01 +0000 2018,13,"Meet the three Democrat women who are all ""elevating one another"" by working together to run for Democratic house s… https://t.co/kXZDKQKJk3",CNN
-0.3612,0.132,0.62,0.248,Sun Jul 29 00:20:07 +0000 2018,12,"Growing homophobia will fuel the HIV epidemic, experts fear https://t.co/5aVw35UywI",CNN
0.0,0.0,1.0,0.0,Sun Jul 29 00:40:04 +0000 2018,11,"Ximena Barreto, a far-right pundit appointed to a communications post at the Department of Health and Human Service… https://t.co/H6EG3ArFc3",CNN
-0.3818,0.0,0.776,0.224,Sun Jul 29 01:00:15 +0000 2018,10,"Inside Alaska's battles over land, sea and life https://t.co/HhWAA0LcEI https://t.co/v3D18bp3fc",CNN
0.4019,0.137,0.863,0.0,Sun Jul 29 01:20:04 +0000 2018,9,Eric Holder says he's interested in being president. And he thinks he has what it takes. https://t.co/g40sNBLoot https://t.co/de8cONQfPy,CNN
0.0772,0.061,0.939,0.0,Sun Jul 29 01:40:01 +0000 2018,8,"We haven't seen their faces. We don't know their names. We only know a number: 711.

That's how many immigrant kids… https://t.co/bxS9VpMgqe",CNN
0.0,0.0,1.0,0.0,Sun Jul 29 02:00:16 +0000 2018,7,"Women turned out in force in Pakistan's general election this week, shoving aside often decades of patriarchy and t… https://t.co/ZbhbdD3Cdz",CNN
0.4215,0.113,0.887,0.0,Sun Jul 29 02:20:10 +0000 2018,6,Did you know The Flintstones was the 1st animated series to air in primetime? +1 if you know the popular sitcom man… https://t.co/IBeY1uLsKI,CNN
0.0,0.0,1.0,0.0,Sun Jul 29 02:40:05 +0000 2018,5,"2018 is on pace to be the fourth hottest year on record, according to data from the National Oceanic and Atmospheri… https://t.co/L1oeSTpdbf",CNN
-0.4767,0.0,0.846,0.154,Sun Jul 29 03:00:10 +0000 2018,4,"A North Miami Beach police officer arrested after allegedly kicking a pregnant woman in the stomach has been fired,… https://t.co/p4GTp8N3O4",CNN
-0.8137,0.0,0.655,0.345,Sun Jul 29 03:30:03 +0000 2018,3,"""She doesn't want to let go."" A mourning orca mom carried her dead baby for days through the ocean… https://t.co/M6DrUJMT15",CNN
-0.2732,0.0,0.896,0.104,Sun Jul 29 03:45:07 +0000 2018,2,"How a small-town French psychic became the face -- and, her family says, a victim -- of a $200 million scam… https://t.co/B73KZbED0O",CNN
-0.7906,0.0,0.708,0.292,Sun Jul 29 03:49:26 +0000 2018,1,"At least three people are dead and seven injured after a shooting in New Orleans, city police spokesman says https://t.co/w8yKRL7Ui5",CNN
0.0,0.0,1.0,0.0,Sat Jul 28 02:47:03 +0000 2018,100,The Trump administration will soon unveil its plan to undo the Obama-era climate change rule on auto pollution. But… https://t.co/YRSJe098xT,New York Times
-0.7269,0.0,0.766,0.234,Sat Jul 28 02:47:10 +0000 2018,99,It's called dark money for a reason: It's hard to trace. But millions of it were spent to kill the Affordable Care… https://t.co/P5Euv9VjnM,New York Times
-0.7269,0.0,0.766,0.234,Sat Jul 28 03:32:04 +0000 2018,98,"In the midst of an affordable housing crisis, Ben Carson has privately told aides that he views the shortage as reg… https://t.co/v6LdsrKgPx",New York Times
0.0,0.0,1.0,0.0,Sat Jul 28 03:40:23 +0000 2018,97,The Fix: Landscaping for the Not-So-Green Thumb https://t.co/IjBRx1VYcZ,New York Times
0.3182,0.161,0.839,0.0,Sat Jul 28 03:58:06 +0000 2018,96,Not sure what to do in NYC this weekend? We’ve got you. https://t.co/EGig8KW6yh,New York Times
-0.8689,0.0,0.532,0.468,Sat Jul 28 04:26:40 +0000 2018,95,Five Are Dead in Killings Tied to Texas Nursing Home Shooting https://t.co/DRGiVB1PZL,New York Times
0.0,0.0,1.0,0.0,Sat Jul 28 04:44:39 +0000 2018,94,"For many women, particularly those involved in cycling, the ""podium girls"" routine at the Tour de France seems out… https://t.co/jggVkNdkLQ",New York Times
0.128,0.118,0.786,0.096,Sat Jul 28 05:02:24 +0000 2018,93,Trump has long wielded Twitter as a weapon. Now the special counsel is investigating his tweets as part of a broad… https://t.co/1gO09Tc5Pu,New York Times
-0.4895,0.0,0.742,0.258,Sat Jul 28 05:50:28 +0000 2018,92,Paleontologists once thought these dinosaurs did not reach East Asia. They were wrong. https://t.co/FlwWeCE0Pa,New York Times
0.8617,0.517,0.483,0.0,Sat Jul 28 06:08:10 +0000 2018,91,How one great song can totally transform a love scene https://t.co/c5kQ6I6Qrj,New York Times
-0.5994,0.102,0.618,0.28,Sat Jul 28 06:26:13 +0000 2018,90,"Over four years, thousands of victims in the United States lost ""hundreds of millions"" of dollars to a fake IRS pho… https://t.co/9OzFzblhUx",New York Times
0.3818,0.167,0.833,0.0,Sat Jul 28 06:44:09 +0000 2018,89,"""The approaches by Truman and Trump are representative of a larger truth: If you want to know what a president beli… https://t.co/PoEWV0mqiI",New York Times
-0.6249,0.083,0.573,0.344,Sat Jul 28 06:46:49 +0000 2018,88,Woman Gets Five-Year Prison Sentence on Charges of Abducting Her Children https://t.co/xxFeQ2VrA2,New York Times
0.0,0.0,1.0,0.0,Sat Jul 28 07:05:23 +0000 2018,87,The $3 billion plan to turn Hoover Dam into a giant battery https://t.co/1xTlBJY2eA,New York Times
-0.296,0.0,0.905,0.095,Sat Jul 28 07:50:09 +0000 2018,86,New Zealand accused Australia this week of copying its national flag. Take the quiz and see if you can identify the… https://t.co/Kve5So31ix,New York Times
-0.1779,0.081,0.807,0.112,Sat Jul 28 08:08:46 +0000 2018,85,"A soccer ball hit his head. He thought he was fine. Then thinking, talking, reading and writing became difficult. D… https://t.co/J1pWcta3F3",New York Times
0.0,0.0,1.0,0.0,Sat Jul 28 08:27:36 +0000 2018,84,How did Dr. Seuss come up with the Lorax? https://t.co/BEX2JAnf0b,New York Times
0.0,0.0,1.0,0.0,Sat Jul 28 08:46:00 +0000 2018,83,"She was Salvador Dalí's wife, muse, model and publicist. But as a new exhibition in Barcelona shows, there was so m… https://t.co/MNEGzPChMO",New York Times
0.3804,0.224,0.776,0.0,Sat Jul 28 08:50:07 +0000 2018,82,Phys Ed: Exercise Makes the Aging Heart More Youthful https://t.co/q2UnB04RwK,New York Times
0.5106,0.248,0.752,0.0,Sat Jul 28 09:02:03 +0000 2018,81,Roast a chicken and you know you have a comfortable meal https://t.co/Z0hCdRubib https://t.co/oRXWzpZIq9,New York Times
0.3612,0.2,0.8,0.0,Sat Jul 28 09:20:16 +0000 2018,80,You should never skip the opening credits. @poniewozik explains why.  https://t.co/8EQcKoG2oV,New York Times
-0.7783,0.051,0.669,0.28,Sat Jul 28 09:39:13 +0000 2018,79,"If you want a dashboard for evidence of economic damage from the trade war, here’s what should be on it https://t.co/yKFBnkZ2C5",New York Times
-0.4404,0.0,0.805,0.195,Sat Jul 28 10:01:57 +0000 2018,78,Act of Defiance Casts Harsh Light on Europe’s Deportations of Asylum Seekers https://t.co/TeaqgRJNXt,New York Times
0.0,0.0,1.0,0.0,Sat Jul 28 10:03:02 +0000 2018,77,The EU has decided that gene-edited crops have to be as tightly regulated as GMO foods. We explain the difference. https://t.co/bOiVz53Pqa,New York Times
-0.25,0.0,0.833,0.167,Sat Jul 28 10:19:12 +0000 2018,76,"‘What Does a Trucker Look Like?’ It’s Changing, Amid a Big Shortage https://t.co/bZHMi2D6VG",New York Times
0.836,0.426,0.574,0.0,Sat Jul 28 10:21:43 +0000 2018,75,"Critic’s Notebook: Which Show Is Good, Clean Fun: ‘Rocky Horror’ or ‘The Music Man’? https://t.co/bGVyKG9Nqq",New York Times
0.4588,0.136,0.864,0.0,Sat Jul 28 11:02:02 +0000 2018,74,Whether Democrats can continue to excel among the most affluent voters is one of the biggest questions heading into… https://t.co/xXEq5FlMl8,New York Times
-0.7269,0.0,0.766,0.234,Sat Jul 28 11:21:06 +0000 2018,73,It's called dark money for a reason: It's hard to trace. But millions of it were spent to kill the Affordable Care… https://t.co/yCj97BwuTZ,New York Times
-0.7906,0.112,0.437,0.451,Sat Jul 28 11:31:49 +0000 2018,72,Pope Accepts Resignation of U.S. Cardinal at Center of Sexual Abuse Scandal https://t.co/h0wzR42wdn,New York Times
-0.0258,0.109,0.777,0.114,Sat Jul 28 11:32:40 +0000 2018,71,"Breaking: Pope Francis accepted the resignation of Cardinal Theodore McCarrick, a former U.S. archbishop who is at… https://t.co/cnKlZLEZzH",New York Times
-0.3182,0.0,0.827,0.173,Sat Jul 28 11:41:03 +0000 2018,70,"When we eat, or don’t eat, may be critical for health
https://t.co/LcKEhCeXDS",New York Times
0.4019,0.119,0.881,0.0,Sat Jul 28 12:02:05 +0000 2018,69,Millions of smart TVs in American homes are tracking everything you watch for the sake of advertisers. If that does… https://t.co/ja3rwBn3ZV,New York Times
0.5719,0.291,0.709,0.0,Sat Jul 28 12:22:06 +0000 2018,68,Here are 5 delicious recipes for a school (or work) night https://t.co/9Zer4nWxrH,New York Times
-0.5267,0.0,0.861,0.139,Sat Jul 28 12:42:03 +0000 2018,67,"In Opinion 

Kim Brooks writes, ""We now live in a country where it is seen as abnormal, or even criminal, to allow… https://t.co/gTrNypIBUJ",New York Times
-0.802,0.0,0.745,0.255,Sat Jul 28 13:03:01 +0000 2018,66,"Her dead calf resting on her nose, an orca whale has swum in mourning for more than 3 days in the Pacific Northwest… https://t.co/2z22o3FeYr",New York Times
0.2755,0.161,0.839,0.0,Sat Jul 28 13:21:05 +0000 2018,65,"They didn't have children and, most said, they don't have regrets  https://t.co/zTCYZVNrad",New York Times
0.34,0.255,0.745,0.0,Sat Jul 28 13:21:19 +0000 2018,64,Trump Endorses Candidates in Three More Races https://t.co/dlOCzfUEgz,New York Times
0.4939,0.219,0.781,0.0,Sat Jul 28 13:42:05 +0000 2018,63,It's not your just imagination: Netflix is stockpiling original programming. Here are 9 things worth checking out. https://t.co/eNhFCa0qpX,New York Times
-0.296,0.0,0.872,0.128,Sat Jul 28 13:52:00 +0000 2018,62,British lawmakers have accused Facebook of providing “disingenuous answers”  to questions related to Russia’s explo… https://t.co/zLvZtSrKqC,New York Times
-0.6249,0.0,0.683,0.317,Sat Jul 28 14:00:27 +0000 2018,61,British Lawmakers Accuse Facebook of Failing to Aid Inquiry Into ‘Fake News’ https://t.co/CXYlsFbNw1,New York Times
0.6258,0.311,0.574,0.115,Sat Jul 28 14:02:02 +0000 2018,60,"This is a recipe to win the dinner party sweepstakes, and at very low stakes https://t.co/vgrrLsQA9Q",New York Times
-0.5994,0.0,0.822,0.178,Sat Jul 28 14:12:05 +0000 2018,59,"After 3 people were shot to death at a Texas nursing home, 2 more bodies were discovered at a nearby residence. Off… https://t.co/MeKEiS0YmG",New York Times
-0.5423,0.0,0.844,0.156,Sat Jul 28 14:17:01 +0000 2018,58,"CBS says it will investigate its CEO, Les Moonves, after allegations of sexual harassment made against him by 6 wom… https://t.co/LPTj8JfiL5",New York Times
0.3182,0.161,0.839,0.0,Sat Jul 28 14:22:02 +0000 2018,57,Not sure what to do in NYC this weekend? We’ve got you. https://t.co/ICjptaaIAp,New York Times
0.4215,0.118,0.882,0.0,Sat Jul 28 14:32:06 +0000 2018,56,"For much of the past decade, the United States has paid little attention to its backyard in Latin America. All the… https://t.co/4ntnzWGh75",New York Times
0.0,0.0,1.0,0.0,Sat Jul 28 14:52:04 +0000 2018,55,Robert Mueller and Donald Trump Jr. haven't met for an interview yet. But they crossed paths at the airport. https://t.co/mOIqW8BXJs,New York Times
-0.9062,0.0,0.594,0.406,Sat Jul 28 15:02:02 +0000 2018,54,"When police in India arrested 17 men accused of assaulting the girl, there was a wave of public fury. Then the narr… https://t.co/3Enws3k5kW",New York Times
-0.1531,0.0,0.926,0.074,Sat Jul 28 15:12:06 +0000 2018,53,"“The official told me, ‘Sign here, and you will be deported together.’ They tricked me."" Now, he said, “Whenever we… https://t.co/UZ6MIHhqGP",New York Times
0.0,0.0,1.0,0.0,Sat Jul 28 15:22:04 +0000 2018,52,The 12 new songs you need to hear this week https://t.co/tIfXbNQpeF,New York Times
0.0,0.0,1.0,0.0,Sat Jul 28 15:32:05 +0000 2018,51,"The race between Stacey Abrams and Brian Kemp will, regardless of outcome, determine what Georgia represents and ho… https://t.co/C02zlgcbmk",New York Times
-0.1027,0.0,0.924,0.076,Sat Jul 28 15:42:04 +0000 2018,50,South Korea is a country that has long worked too hard. Its leaders are trying to change that. https://t.co/A6Kg1LWsPY,New York Times
0.3612,0.143,0.857,0.0,Sat Jul 28 15:52:07 +0000 2018,49,"Kristina Jackson, a 22-year-old African-American truck driver: “People say to me, ‘You don’t look like a trucker.’… https://t.co/LBGRDFI2PJ",New York Times
0.0,0.0,1.0,0.0,Sat Jul 28 16:02:02 +0000 2018,48,He ate a meat pie with a knife and fork. Some Australians were scandalized. https://t.co/UlOFTh8WaY,New York Times
0.0,0.0,1.0,0.0,Sat Jul 28 16:12:07 +0000 2018,47,"Kenya Barris, the creator of ""black-ish,"" is parting ways with ABC Studios 3 years before his contract was set to e… https://t.co/rw410pxNGJ",New York Times
-0.4767,0.0,0.838,0.162,Sat Jul 28 16:52:03 +0000 2018,46,"They disappointed people who thought they'd be a moderating influence.
They faced news stories about their unpopula… https://t.co/X2QzqXzL38",New York Times
-0.5994,0.179,0.538,0.283,Sat Jul 28 17:02:06 +0000 2018,45,"“It wasn’t ‘I’m racist and I want to glorify slavery,’” one Civil War re-enactor said. “Nobody really thought a lot… https://t.co/hdIgCrX5kC",New York Times
0.0,0.0,1.0,0.0,Sat Jul 28 17:12:05 +0000 2018,44,The Trump administration is pushing Afghan commanders to surrender rural and sparsely populated areas of the countr… https://t.co/RgFLE94P6o,New York Times
0.0,0.0,1.0,0.0,Sat Jul 28 17:22:05 +0000 2018,43,More women deserve statues in New York. Here are 10. https://t.co/eIwy7Cwv2G https://t.co/78hIIw7YG8,New York Times
0.0,0.0,1.0,0.0,Sat Jul 28 17:27:00 +0000 2018,42,"Since 2012, according to officials, there has not been a month in California without a wildfire burning — a stark c… https://t.co/w7eUsu2M8N",New York Times
-0.5267,0.0,0.82,0.18,Sat Jul 28 17:32:02 +0000 2018,41,"A woman in Spain went into hiding to avoid handing her children over to a man convicted of hitting her. Now, she is… https://t.co/I7pMY30145",New York Times
0.0,0.0,1.0,0.0,Sat Jul 28 17:42:05 +0000 2018,40,New Hampshire is 94% white. It is now trying to figure out how to change that. https://t.co/aVB7YkkKFD,New York Times
0.0,0.0,1.0,0.0,Sat Jul 28 17:52:05 +0000 2018,39,"Meet the Caramel Curves, New Orleans’s all-female motorcycle club. With stilettos and magenta-hued burnouts, they'r… https://t.co/KzI9CWIkoC",New York Times
-0.5106,0.0,0.852,0.148,Sat Jul 28 18:02:05 +0000 2018,38,A Turkish educator in Mongolia was briefly abducted on Friday. It appeared to be the latest episode of a global cam… https://t.co/ckI8SUEEd2,New York Times
0.0,0.0,1.0,0.0,Sat Jul 28 18:12:01 +0000 2018,37,"He was Dow Chemical's ""dioxin lawyer."" Now he's President Trump's pick to run the EPA's Superfund toxic cleanup pro… https://t.co/LPDNIlr9gc",New York Times
-0.8126,0.0,0.519,0.481,Sat Jul 28 18:27:56 +0000 2018,36,"Extremists attacked a school for midwives in Afghanistan, killing 2 people https://t.co/3U7wTNVCkZ",New York Times
-0.5106,0.0,0.815,0.185,Sat Jul 28 18:34:00 +0000 2018,35,"A dam collapsed in Laos and led to the deaths of dozens, with many still missing. Our correspondent traveled to Lao… https://t.co/AwDE6R5sw0",New York Times
0.0,0.0,1.0,0.0,Sat Jul 28 18:42:07 +0000 2018,34,"Beautycon (described as Sephora meets Coachella) is not unlike a theme park, with hourslong lines, expensive food a… https://t.co/hg9hYKTcY6",New York Times
0.4588,0.213,0.697,0.09,Sat Jul 28 18:52:05 +0000 2018,33,Ivanka Trump and Jared Kushner outlasted their critics and secured their White House roles. Now they're ready to st… https://t.co/NTaohB0NFE,New York Times
-0.1926,0.0,0.915,0.085,Sat Jul 28 19:02:03 +0000 2018,32,Would you pay $1 billion for this view? And the 157 acres of land that come with it? https://t.co/s4JTHWNmoG https://t.co/q5CzUU0xDS,New York Times
-0.802,0.0,0.69,0.31,Sat Jul 28 19:28:29 +0000 2018,31,"Carrie Fisher, who died in 2016, will appear in ""Star Wars: Episode IX"" using previously recorded footage https://t.co/3UOEvHOUDC",New York Times
0.0,0.0,1.0,0.0,Sat Jul 28 19:32:03 +0000 2018,30,The race to be Georgia's next governor has come to mirror the disorienting polarization of the Trump era https://t.co/dbqdarRXNc,New York Times
0.0,0.0,1.0,0.0,Sat Jul 28 19:42:05 +0000 2018,29,"American diplomats held face-to-face talks with Taliban representatives last week, Taliban officials said. It would… https://t.co/aYaoBJ1ycL",New York Times
-0.7845,0.0,0.723,0.277,Sat Jul 28 19:52:03 +0000 2018,28,A woman and 5 of her children were killed in a fire at a motel in Michigan. Her husband and 1-year-old daughter sur… https://t.co/l8L9dGGOMI,New York Times
0.0,0.0,1.0,0.0,Sat Jul 28 20:02:06 +0000 2018,27,"With Goop, Gwyneth Paltrow just wanted you to have what she had: the $795 G. Label trench coat and the $1,505 Beton… https://t.co/LEQAv7UtO4",New York Times
0.3612,0.122,0.878,0.0,Sat Jul 28 20:12:01 +0000 2018,26,"He pulled off what looked like an unprecedented move on a surfboard. Soon after, the royalty of surfing, skateboard… https://t.co/RaYcXeUCD5",New York Times
-0.4019,0.0,0.856,0.144,Sat Jul 28 20:22:06 +0000 2018,25,"In @nytopinion,

Op-Ed columnist @FrankBruni writes: ""There are problems with impeaching Donald Trump. A big one is… https://t.co/wshwJu50dV",New York Times
0.6115,0.2,0.8,0.0,Sat Jul 28 20:42:04 +0000 2018,24,"""Until I was 35, the most significant relationship I’d had as an adult was with an iguana.

It wasn’t easy to meet… https://t.co/e41fsOnk9y",New York Times
-0.0258,0.103,0.788,0.108,Sat Jul 28 20:52:05 +0000 2018,23,"Pope Francis accepted the resignation of Cardinal Theodore McCarrick, a former U.S. archbishop who is at the center… https://t.co/5Cg1xpsoII",New York Times
0.0,0.0,1.0,0.0,Sat Jul 28 21:12:03 +0000 2018,22,"“They spit when I walked in the street,” she said, describing reactions when she wore a Star of David https://t.co/fQXX7ErMF2",New York Times
-0.25,0.0,0.905,0.095,Sat Jul 28 21:22:05 +0000 2018,21,"Truck drivers have tended to be older white men. Now there's a driver shortage, so companies are trying to recruit… https://t.co/PezK8CAEpl",New York Times
0.0,0.0,1.0,0.0,Sat Jul 28 21:42:05 +0000 2018,20,The Ethicist: Should a man forgo gay sex so he can donate blood? https://t.co/LHYhIqSrDx,New York Times
0.0,0.0,1.0,0.0,Sat Jul 28 21:56:11 +0000 2018,19,Encounters: Tituss Burgess Gets Schooled on David Bowie https://t.co/6bpN1vh6hS,New York Times
0.0,0.0,1.0,0.0,Sat Jul 28 22:31:40 +0000 2018,18,"Corner Office: Dan Schulman of PayPal on Guns, Cash and Getting Punched https://t.co/h9ZVetXBRF",New York Times
-0.743,0.0,0.636,0.364,Sat Jul 28 22:34:02 +0000 2018,17,"Woman and Two of Her Great-Grandchildren Die in Carr Fire, Family Says https://t.co/J5hlULtruX",New York Times
-0.7184,0.0,0.667,0.333,Sat Jul 28 22:53:01 +0000 2018,16,"A woman and 2 of her great-grandchildren died in the Carr Fire, the family said. https://t.co/Ssu7B2E6gA",New York Times
0.0,0.0,1.0,0.0,Sat Jul 28 23:08:49 +0000 2018,15,The Ethicist: Should I Forgo Gay Sex to Donate Blood? https://t.co/iOlpWtRHqR,New York Times
-0.5267,0.0,0.541,0.459,Sat Jul 28 23:17:07 +0000 2018,14,"Mike Pence, Holy Terror https://t.co/CaruMXVqHd",New York Times
0.0,0.0,1.0,0.0,Sat Jul 28 23:55:04 +0000 2018,13,"The penthouse was often reserved for the largest, most expensive apartments. But as real estate prices fall, lounge… https://t.co/sZX5JzjtBG",New York Times
0.0,0.0,1.0,0.0,Sat Jul 28 23:57:45 +0000 2018,12,"In House Race, 2 Female Candidates Clash on Economy and Guns https://t.co/s4SflwRV4p",New York Times
-0.2023,0.0,0.847,0.153,Sun Jul 29 00:10:37 +0000 2018,11,Muslims Describe Being Confronted at Pool: ‘We’re Portrayed as Troublemakers’ https://t.co/OeROnkByai,New York Times
-0.6486,0.0,0.736,0.264,Sun Jul 29 00:18:07 +0000 2018,10,"Texas Nursing Home Shooting That Left 5 Dead Was Likely Murder-Suicide, Police Say https://t.co/sfYOGHoH0p",New York Times
0.0772,0.071,0.929,0.0,Sun Jul 29 00:32:05 +0000 2018,9,New Hampshire is 94% white. Business leaders and government officials want to make the state more diverse. https://t.co/eGSQbDTuPL,New York Times
0.0,0.0,1.0,0.0,Sun Jul 29 01:06:48 +0000 2018,8,This summery bundt packs a double dose of strawberry flavor https://t.co/LIGZWQVV2W https://t.co/YJVMTRwkqy,New York Times
0.0,0.0,1.0,0.0,Sun Jul 29 01:24:08 +0000 2018,7,"Some of them met on Instagram and most of them haven’t graduated from high school, but together, these teens are bu… https://t.co/XBGQ7MUdBT",New York Times
-0.802,0.0,0.745,0.255,Sun Jul 29 01:41:56 +0000 2018,6,"Her dead calf resting on her nose, an orca whale has swum in mourning for more than 3 days in the Pacific Northwest… https://t.co/HG6eDDUIRz",New York Times
0.3182,0.099,0.901,0.0,Sun Jul 29 01:56:42 +0000 2018,5,Uzo Aduba on her character in “Orange Is the New Black”: “What I learned very early is that Suzanne is truth starin… https://t.co/Xv08iF5KJM,New York Times
0.0,0.0,1.0,0.0,Sun Jul 29 02:49:04 +0000 2018,4,"A $50 million space station in Argentina is a symbol of China’s push to mold Latin America, often in ways that unde… https://t.co/MLNyquNNzn",New York Times
0.4939,0.219,0.781,0.0,Sun Jul 29 03:08:11 +0000 2018,3,It's not your just imagination: Netflix is stockpiling original programming. Here are 9 things worth checking out. https://t.co/7UVjHkX3vV,New York Times
0.3612,0.2,0.8,0.0,Sun Jul 29 03:26:49 +0000 2018,2,You should never skip the opening credits. @poniewozik explains why.  https://t.co/1xUQE8QfV0,New York Times
0.4019,0.119,0.881,0.0,Sun Jul 29 03:45:29 +0000 2018,1,Millions of smart TVs are tracking everything you watch for the sake of advertisers. If that doesn’t sit right with… https://t.co/sRIEw3AohN,New York Times
